IDCLIENTE,nome,sobrenome,email,telefone,estado,Sigla,Cidade,bairro
1,Manuela,Fogaça,limavalentina@uol.com.br,217513-2432,Santa Catarina,SC,Nascimento Grande,Distrito de Pereira
2,Gabriel,Souza,jesusdavi-luiz@gmail.com,8120136981,Mato Grosso do Sul,MS,da Cruz,Estrada Aragão
3,MariaFernanda,Cardoso,da-pazlarissa@ferreira.net,410038-3625,Paraná,PR,Ramos,Trevo Carlos Eduardo Santos
4,AnaSophia,daLuz,gabriela42@uol.com.br,4199281066,São Paulo,SP,Cardoso Verde,Viaduto de Porto
5,Sarah,Nascimento,augusto00@gmail.com,6109241017,Piauí,PI,da Luz,Vereda Cardoso
6,Mariane,Duarte,ana-vitoriapeixoto@porto.net,(061)0262-8196,Paraíba,PB,Ferreira das Pedras,Trecho Mariana da Rosa
7,Natália,Peixoto,lucas83@yahoo.com.br,(061)63222390,Maranhão,MA,Rodrigues,Praça Mirella Rezende
8,Clarice,Gonçalves,fferreira@vieira.com,113853-9746,Distrito Federal,DF,Ribeiro de da Mota,Residencial Luiz Miguel Cardoso
9,VitorHugo,Pereira,luanamendes@duarte.br,0300-601-3792,Pará,PA,Cavalcanti,Lagoa Clarice da Rosa
10,Bryan,Almeida,wfreitas@araujo.com,8136996260,Distrito Federal,DF,Nunes Verde,Colônia de Almeida
11,Augusto,Cavalcanti,jteixeira@ig.com.br,6110771117,Roraima,RR,Souza da Praia,Recanto de da Mata
12,Clara,dasNeves,carolina69@uol.com.br,(051)45342632,Amapá,AP,Cunha de Goiás,Núcleo Amanda Campos
13,Alícia,Lima,dporto@araujo.com,617925-2312,Rio de Janeiro,RJ,Cardoso,Parque Rocha
14,Luiza,Souza,thiagomoraes@ig.com.br,1156520630,Paraíba,PB,Dias,Travessa da Mota
15,Sarah,Castro,carolina55@yahoo.com.br,810721-9211,Amazonas,AM,da Costa,Via Gomes
16,Thomas,Moreira,ana-livia56@sales.org,410977-0872,Espírito Santo,ES,Vieira,Esplanada Alves
17,Joaquim,Rezende,carvalhodiego@goncalves.br,(011)6443-0177,Distrito Federal,DF,da Conceição de Goiás,Vale de Rezende
18,Luana,Aragão,kevinviana@yahoo.com.br,218775-1650,Paraná,PR,Rezende dos Dourados,Jardim Nogueira
19,Gustavo,Monteiro,da-cruzlucas@araujo.net,7176996156,Maranhão,MA,Novaes,Estação João Guilherme da Costa
20,Otávio,daPaz,diasisabel@almeida.org,(011)4455-8227,Mato Grosso,MT,Ribeiro,Alameda de Cardoso
21,Lucas,Ramos,da-pazguilherme@bol.com.br,(011)06585117,Mato Grosso,MT,da Paz,Condomínio de Viana
22,Laís,Nascimento,silvalaura@teixeira.com,(061)93750725,Minas Gerais,MG,Barbosa,Recanto de da Costa
23,Mariane,Caldeira,silveirabruno@gmail.com,(071)1442-1963,Acre,AC,Nunes de da Costa,Viela Cecília Moreira
24,Rafaela,Campos,pietro64@hotmail.com,(084)9472-6992,Maranhão,MA,Gomes Paulista,Jardim de Monteiro
25,Joaquim,Martins,ana-laura86@pereira.com,849184-1507,Rio de Janeiro,RJ,Cardoso,Estrada Nogueira
26,Danilo,Cunha,cunhapietro@uol.com.br,(011)43334449,Rio Grande do Norte,RN,Fogaça,Distrito Kaique Cardoso
27,JoãoGuilherme,daPaz,igorda-paz@teixeira.com,845479-2457,Pernambuco,PE,Barros,Alameda de Correia
28,Mariana,Pinto,amartins@moura.net,8135930498,Bahia,BA,Ramos Paulista,Conjunto de Viana
29,Isaac,Cardoso,gmoura@hotmail.com,0900-626-6599,Rio Grande do Norte,RN,Gonçalves,Viela de Lopes
30,LuizFelipe,Duarte,joaoaragao@gmail.com,(081)0063-5072,Maranhão,MA,Aragão,Vale Maria Fernanda Azevedo
31,Luigi,Fernandes,lucas36@yahoo.com.br,4128946329,Rondônia,RO,Fernandes da Praia,Avenida da Luz
32,Bryan,Rezende,ceciliafarias@uol.com.br,(021)93074513,Piauí,PI,Santos das Flores,Rua Samuel da Mota
33,Leandro,Monteiro,salesjoao-felipe@hotmail.com,(021)71140004,Paraíba,PB,Monteiro,Jardim Pereira
34,MariaVitória,Cavalcanti,omonteiro@gomes.br,(081)2006-9877,Rondônia,RO,Lima,Ladeira Melo
35,Francisco,daCunha,pintomarcela@uol.com.br,(051)65019185,Bahia,BA,das Neves da Prata,Lagoa da Paz
36,MariaClara,Souza,leandronogueira@yahoo.com.br,(081)63319813,Santa Catarina,SC,da Cunha dos Dourados,Estrada Maria Moraes
37,Maitê,Freitas,moreiraeduardo@pereira.br,(011)33417916,Maranhão,MA,Nogueira Alegre,Fazenda Isadora Fernandes
38,Laís,Jesus,lopesjuliana@hotmail.com,3001910892,Maranhão,MA,Ribeiro das Flores,Vale de Nascimento
39,MariaFernanda,Farias,thalescavalcanti@bol.com.br,(061)3233-7678,Alagoas,AL,Silveira,Aeroporto de da Mota
40,Catarina,Rodrigues,maria-sophiabarros@mendes.br,(011)9155-8044,Piauí,PI,Barros Paulista,Largo de da Mota
41,Nicole,daLuz,eloahpeixoto@gomes.org,(021)33254050,Rondônia,RO,Fernandes da Praia,Rua Costa
42,Paulo,Mendes,ana-carolina91@ig.com.br,(081)4531-2411,Rio Grande do Sul,RS,da Conceição da Praia,Vila de Teixeira
43,MariaClara,daLuz,isadora86@yahoo.com.br,(011)1912-8297,Maranhão,MA,Gomes Paulista,Campo Monteiro
44,JoãoFelipe,Moreira,matheusmoura@costa.br,(071)24855033,Pará,PA,da Costa,Loteamento Cunha
45,Renan,Teixeira,gustavorodrigues@da.com,(061)63056507,Alagoas,AL,Silveira,Loteamento Juan Fogaça
46,Emanuelly,Nunes,bryan23@bol.com.br,9005463138,Rio Grande do Sul,RS,da Cunha,Ladeira de Rocha
47,Davi,Gomes,luiz-henriquemelo@ig.com.br,(011)4928-4442,Rondônia,RO,Gonçalves de Vieira,Esplanada de das Neves
48,JoãoLucas,daPaz,eduardo19@bol.com.br,(051)25721722,Distrito Federal,DF,Ribeiro,Pátio de Melo
49,Isabelly,Cardoso,carlos-eduardo24@uol.com.br,4118526343,Ceará,CE,Monteiro,Aeroporto Barros
50,João,Lima,augustogomes@uol.com.br,7164586351,São Paulo,SP,Alves do Sul,Sítio Teixeira
51,Danilo,Martins,maysa11@yahoo.com.br,(021)2533-5723,Mato Grosso,MT,Rocha,Parque de da Cruz
52,Leandro,Ferreira,da-cunhaalicia@cavalcanti.com,2177328674,Acre,AC,Castro das Pedras,Largo de Mendes
53,Vitor,Ribeiro,vsales@gmail.com,(071)6417-0837,Tocantins,TO,Caldeira,Aeroporto de Souza
54,Lívia,daPaz,yagorezende@hotmail.com,(051)59424661,Paraná,PR,Teixeira de Pinto,Largo Cauê Rezende
55,Ana,Pereira,xdias@da.org,114876-2669,Maranhão,MA,Rodrigues,Setor Julia Teixeira
56,Eloah,daCosta,yuri05@bol.com.br,(051)45489889,Mato Grosso,MT,Vieira de Minas,Pátio de Ramos
57,LuizOtávio,Jesus,felipeda-cruz@hotmail.com,412634-6263,Goiás,GO,Gomes,Distrito de Moraes
58,Lara,Sales,mrodrigues@moura.com,416776-7660,Pernambuco,PE,Carvalho,Campo Martins
59,Vicente,Lima,vicentesales@ig.com.br,0500-281-2151,Minas Gerais,MG,Peixoto Verde,Campo de Fogaça
60,MariaJulia,Jesus,fferreira@gmail.com,319223-0301,Tocantins,TO,Nogueira,Conjunto Maria Sophia Duarte
61,MariaSophia,Nunes,aragaomelissa@gmail.com,112161-0539,Rio de Janeiro,RJ,da Cruz,Campo de Castro
62,AnaLívia,Lima,caioda-conceicao@goncalves.br,8168189429,Rio Grande do Norte,RN,Moura da Praia,Parque Davi da Mata
63,Gabrielly,daMata,jnovaes@gmail.com,2184335048,Rio Grande do Sul,RS,Almeida,Loteamento Melo
64,Gabriela,daLuz,cavalcantihelena@cardoso.com,6105952702,Espírito Santo,ES,Lopes das Pedras,Área de Aragão
65,LuizFelipe,Fogaça,rezendeyago@pires.com,714336-8521,Sergipe,SE,Melo das Pedras,Sítio Monteiro
66,Lucca,Aragão,maria-sophiada-cruz@gmail.com,(041)78577948,Pernambuco,PE,Alves Paulista,Lagoa de Nunes
67,Alexandre,Moreira,cavalcantisophie@freitas.com,3135463324,Alagoas,AL,da Luz,Colônia Almeida
68,Daniel,Mendes,emilly29@nogueira.br,(061)2235-1280,Roraima,RR,Rodrigues,Sítio de Alves
69,MarcosVinicius,Porto,oda-costa@yahoo.com.br,(084)6406-7956,Ceará,CE,Costela,Condomínio de Novaes
70,Lucas,Cardoso,rda-luz@azevedo.net,(031)0185-3966,Distrito Federal,DF,Nunes Verde,Vereda Monteiro
71,Sarah,Viana,julianapires@gmail.com,213747-3852,Amapá,AP,Viana,Favela Miguel Teixeira
72,Joana,Alves,frezende@ramos.com,7196596278,Goiás,GO,Farias das Flores,Alameda Bernardo Teixeira
73,Valentina,Cavalcanti,brunonogueira@uol.com.br,8478027985,São Paulo,SP,Nascimento,Viela Rezende
74,Marcela,Ramos,ffogaca@cardoso.com,(084)5391-3391,Alagoas,AL,Rocha Paulista,Travessa de Barbosa
75,Marcela,Oliveira,anunes@das.com,(081)1037-2658,Santa Catarina,SC,da Mata,Chácara de Farias
76,Sabrina,Oliveira,nathanaragao@uol.com.br,112227-0981,Paraíba,PB,Moreira do Oeste,Travessa de Castro
77,Noah,daCunha,joaquim82@da.com,616724-9565,Tocantins,TO,Moreira do Norte,Campo Almeida
78,MariaAlice,daPaz,silvalais@gmail.com,(051)1354-1086,São Paulo,SP,Cardoso Verde,Quadra de Moreira
79,Murilo,Duarte,sophie95@yahoo.com.br,0300-713-3392,Rio Grande do Norte,RN,Gonçalves,Viela de Lopes
80,Emanuelly,Costela,julianarodrigues@bol.com.br,(051)1697-4892,São Paulo,SP,Nascimento,Parque de Nogueira
81,Caio,Pires,thomas39@farias.br,3142752166,São Paulo,SP,Almeida Verde,Feira João Guilherme Fogaça
82,Vinicius,Pinto,vitor08@porto.com,(084)39525375,Mato Grosso do Sul,MS,Jesus,Vila Pedro Lucas Campos
83,Lorena,Silva,renan12@porto.br,3133465678,Distrito Federal,DF,Freitas,Fazenda da Luz
84,Noah,Cunha,juliaaragao@ig.com.br,(011)02414782,Goiás,GO,Caldeira Alegre,Pátio Clarice Melo
85,AnaLuiza,Martins,ucaldeira@teixeira.net,212099-4975,Paraná,PR,Fernandes,Lago de Azevedo
86,AnaLuiza,daMota,da-cruzlavinia@gmail.com,843607-8639,Mato Grosso,MT,Gonçalves do Amparo,Quadra de Aragão
87,Gabrielly,Duarte,costaguilherme@hotmail.com,2127430203,Paraná,PR,Almeida,Morro Barros
88,Lorena,daMota,zda-mata@gmail.com,(011)0143-4137,Rio Grande do Sul,RS,da Luz de Duarte,Núcleo de Moraes
89,Rodrigo,Nunes,limaisaac@ig.com.br,(041)87344125,Paraíba,PB,Cardoso,Vereda Teixeira
90,Thiago,Santos,lda-mata@silveira.com,5154278414,Goiás,GO,Farias,Lago Isis Moreira
91,Kamilly,Novaes,monteiroana@fernandes.net,3122608997,Roraima,RR,da Luz,Estação Pedro Miguel Peixoto
92,GustavoHenrique,Nogueira,vianathomas@freitas.br,113176-1110,Rio Grande do Sul,RS,Silva do Oeste,Aeroporto Rafaela Duarte
93,Amanda,Pereira,noah15@novaes.br,8438352237,Sergipe,SE,da Costa de Correia,Feira Diego Porto
94,AnaVitória,Farias,uporto@yahoo.com.br,712956-2654,Tocantins,TO,da Luz do Oeste,Alameda de Azevedo
95,Sophie,Viana,isabellyvieira@aragao.com,840787-4576,Rio de Janeiro,RJ,Pereira de Goiás,Loteamento João Miguel Jesus
96,MariaJulia,Santos,glima@hotmail.com,8455007006,Distrito Federal,DF,Almeida Paulista,Residencial Cavalcanti
97,AnaLaura,Nascimento,pgomes@fogaca.br,416612-1597,Amapá,AP,Sales,Condomínio Daniel Sales
98,Laura,Cunha,augusto62@hotmail.com,3138588283,Distrito Federal,DF,Cardoso de Nascimento,Via Breno Campos
99,LuizMiguel,Duarte,vieiranina@rezende.com,(011)67950397,Paraná,PR,Almeida de Viana,Núcleo Vitor Hugo Cavalcanti
100,Bruna,Santos,limaluiz-otavio@bol.com.br,3004405684,Rio Grande do Norte,RN,Costa,Chácara Maria Fernanda Martins
101,Camila,Azevedo,vfarias@caldeira.com,818234-1415,Mato Grosso do Sul,MS,da Cruz,Travessa de Moura
102,Vicente,Costela,wnunes@da.br,(084)5816-2097,Rio Grande do Sul,RS,Correia do Norte,Quadra de das Neves
103,Catarina,Azevedo,sophie67@gmail.com,8105147571,Acre,AC,Martins de Oliveira,Fazenda Nunes
104,Isadora,Correia,qcunha@da.com,(084)5606-1233,Paraná,PR,Ramos,Condomínio das Neves
105,Pietra,Cavalcanti,emanuelbarbosa@aragao.net,(031)45813981,Roraima,RR,Melo,Campo Oliveira
106,Danilo,Jesus,mariana32@gmail.com,(084)33125679,Piauí,PI,Vieira,Estação de Sales
107,Bryan,Nogueira,almeidajoao-guilherme@gmail.com,846166-8675,Paraná,PR,da Paz,Setor de Nunes
108,MarcosVinicius,Castro,marcelo63@ig.com.br,5164514226,Piauí,PI,Freitas do Galho,Conjunto de Lopes
109,Vitor,Vieira,fernandobarbosa@silva.org,9000690642,Goiás,GO,Ribeiro,Alameda de Cardoso
110,Larissa,Moura,sduarte@silveira.br,(061)58273031,Espírito Santo,ES,Araújo dos Dourados,Núcleo João Felipe Moraes
111,Ryan,Oliveira,lopesbryan@cunha.com,(041)07556872,Paraná,PR,Moura Alegre,Núcleo Lucas Gabriel Costela
112,Beatriz,Azevedo,dda-luz@almeida.br,8102841968,Amapá,AP,da Costa da Mata,Condomínio de Ramos
113,MariaSophia,Nascimento,ecastro@gmail.com,(031)77722185,Mato Grosso,MT,Ribeiro,Alameda de Cardoso
114,Camila,Lima,lsilveira@vieira.org,5118626127,Paraná,PR,da Rocha,Sítio Pinto
115,Giovanna,daLuz,davi-lucca05@hotmail.com,613171-7737,Pará,PA,Martins do Galho,Viela de Jesus
116,Erick,Alves,monteirogiovanna@pires.br,(031)38344967,Distrito Federal,DF,Barbosa,Residencial Maria Vitória Gomes
117,Eloah,Correia,yalmeida@porto.com,(051)26052399,Goiás,GO,Ribeiro,Condomínio Nogueira
118,Breno,Alves,santosfernanda@bol.com.br,116004-7143,Goiás,GO,Nunes,Esplanada de Costa
119,André,Araújo,silvaandre@hotmail.com,8405163260,Santa Catarina,SC,das Neves,Trevo de Rocha
120,Helena,Mendes,cmelo@ig.com.br,5140992043,Sergipe,SE,Santos,Quadra Cunha
121,Clara,Costela,vianaisaac@gomes.br,5116773486,Alagoas,AL,Cunha das Pedras,Recanto Natália Mendes
122,Nina,daLuz,zalmeida@bol.com.br,415353-2491,Bahia,BA,Caldeira Paulista,Parque Moreira
123,Vitória,Sales,bruno21@uol.com.br,(061)9008-0168,Paraná,PR,Cunha,Viaduto Jesus
124,Lorenzo,Ribeiro,maria-juliagoncalves@cardoso.org,3131408417,Roraima,RR,das Neves,Esplanada de Castro
125,Vitor,Cavalcanti,portolorena@rocha.br,(071)5311-9897,Rio de Janeiro,RJ,Cardoso,Parque Rocha
126,Kamilly,Moreira,monteirorafaela@gmail.com,310187-1564,Tocantins,TO,Souza,Via da Conceição
127,Pedro,Silveira,cardososofia@gmail.com,(041)1126-1684,Minas Gerais,MG,Porto da Praia,Setor da Costa
128,Vitor,Ribeiro,antonioda-rocha@bol.com.br,849231-8404,Paraná,PR,Rodrigues,Largo de Fogaça
129,MariaSophia,daMata,barrosdaniela@da.com,5116939006,Rio Grande do Sul,RS,Gonçalves do Campo,Morro de Oliveira
130,Sophia,Gonçalves,daragao@hotmail.com,716137-3976,Sergipe,SE,Campos de Souza,Campo de Freitas
131,AnaSophia,Rodrigues,rodrigosantos@ig.com.br,(071)70388573,Goiás,GO,Ferreira,Esplanada Teixeira
132,Murilo,Cardoso,melissaramos@gmail.com,5126329866,São Paulo,SP,Caldeira do Norte,Distrito Leonardo Costela
133,PedroMiguel,Araújo,andre21@hotmail.com,813342-9378,Espírito Santo,ES,Melo de Teixeira,Trevo de Moura
134,LuizMiguel,daRosa,isisduarte@cardoso.org,215633-0602,Maranhão,MA,Gomes Paulista,Jardim de Monteiro
135,Fernando,Sales,maria-julianascimento@uol.com.br,6139931785,Maranhão,MA,Azevedo,Pátio de Correia
136,Alana,Monteiro,natalia53@ig.com.br,611568-9964,Maranhão,MA,Campos,Núcleo de Souza
137,Giovanna,Martins,ana-juliasales@yahoo.com.br,1148574932,Santa Catarina,SC,Moura,Campo Porto
138,Júlia,daLuz,costelaleonardo@gmail.com,(061)36338024,Santa Catarina,SC,Moreira,Conjunto Brenda da Cunha
139,Juan,Barbosa,da-motanina@bol.com.br,217519-6258,Pará,PA,Nogueira Alegre,Passarela Clara Cunha
140,Heitor,daLuz,correiaamanda@hotmail.com,(041)8559-5076,Distrito Federal,DF,da Mota,Quadra de Jesus
141,Calebe,Nascimento,viniciusaraujo@campos.com,5141180478,São Paulo,SP,da Paz,Setor de Nunes
142,JoãoLucas,Aragão,pietro00@barros.net,411156-7985,Paraná,PR,da Paz,Setor de Nunes
143,Diego,Melo,joaquim02@mendes.br,5149624093,Rio Grande do Norte,RN,da Luz,Estação Pedro Miguel Peixoto
144,Pedro,Porto,moraeshenrique@uol.com.br,(081)62537429,Minas Gerais,MG,Carvalho de Cavalcanti,Estação Almeida
145,Isabella,Rezende,barbosamatheus@bol.com.br,416654-7645,Rio de Janeiro,RJ,da Mata,Chácara de Farias
146,Vinicius,Nogueira,enzoda-rocha@yahoo.com.br,0900-869-8566,Pernambuco,PE,Alves Paulista,Vila Sarah da Rocha
147,MariaEduarda,dasNeves,noah28@melo.br,3196609922,Amapá,AP,Oliveira,Recanto de Lima
148,Alice,daRosa,leticia21@bol.com.br,(021)4011-0248,Distrito Federal,DF,da Rocha,Sítio Bianca Moura
149,MariaLuiza,daCosta,gmartins@barbosa.com,5126650630,Bahia,BA,Rezende,Travessa de Cunha
150,Pedro,Moraes,joao-lucasgomes@ig.com.br,(031)26859413,Bahia,BA,Lopes de Carvalho,Viela de Castro
151,Levi,Costela,snovaes@nogueira.br,(071)90651676,Tocantins,TO,Nogueira,Via de Gomes
152,Vitória,Rocha,vitor-hugosilva@jesus.com,(021)98359519,São Paulo,SP,Caldeira do Norte,Distrito Leonardo Costela
153,Theo,Rodrigues,cunhaisis@da.com,(061)2119-0194,Amazonas,AM,Cunha,Viaduto Jesus
154,Carolina,Moraes,sviana@goncalves.br,5153154134,Piauí,PI,Santos da Serra,Lago Pedro Silveira
155,LuizFernando,Costa,bda-paz@gmail.com,3005291455,Alagoas,AL,Moreira das Flores,Largo Carlos Eduardo Fogaça
156,Stephany,Castro,hbarbosa@yahoo.com.br,(071)3283-2585,Maranhão,MA,Nogueira Alegre,Passarela Clara Cunha
157,Thiago,Pires,halves@da.net,5156300211,Pernambuco,PE,Ramos da Mata,Ladeira de Carvalho
158,Gustavo,Moreira,marianarodrigues@ig.com.br,8005827516,São Paulo,SP,da Cunha,Parque de da Cruz
159,JoãoGuilherme,Gomes,sabrina62@yahoo.com.br,8000155088,Rio Grande do Sul,RS,Cardoso,Vereda Teixeira
160,Rafaela,Ramos,ssouza@peixoto.br,818950-0892,Espírito Santo,ES,Fogaça de Minas,Morro Vieira
161,Isis,Rodrigues,melissaaragao@souza.org,610099-4412,Alagoas,AL,da Costa das Flores,Estação de Duarte
162,Amanda,Novaes,tmendes@uol.com.br,(084)99600699,Tocantins,TO,#REF!,#REF!
163,Samuel,Nogueira,sabrina00@araujo.com,(011)28880003,Acre,AC,Cardoso,Praia Luana Novaes
164,MariaLuiza,Cardoso,wsantos@hotmail.com,2118836387,Pernambuco,PE,Fernandes de Ramos,Vale João da Rosa
165,JoãoGuilherme,Rodrigues,brunanovaes@nogueira.br,(071)6941-0689,Santa Catarina,SC,da Paz Paulista,Avenida Lucas Sales
166,JoãoVitor,daRosa,costadaniela@cardoso.org,8129246073,Pernambuco,PE,da Mata de Cardoso,Colônia Mendes
167,Letícia,Moraes,das-nevescamila@ig.com.br,(051)65224653,Paraíba,PB,Nascimento,Parque de Nogueira
168,PedroLucas,Silveira,vitor-hugo45@farias.br,842782-5032,Roraima,RR,Viana,Favela Miguel Teixeira
169,Stella,Novaes,jcunha@lopes.org,2144707308,Distrito Federal,DF,Almeida Paulista,Esplanada Breno Freitas
170,Theo,Correia,bruna98@uol.com.br,(051)9537-8574,Mato Grosso do Sul,MS,da Cruz,Campo de Castro
171,Cauã,Moreira,laiscarvalho@freitas.net,(011)03879264,Rio de Janeiro,RJ,Pereira de Goiás,Via de Pinto
172,Fernando,Carvalho,lporto@yahoo.com.br,(071)54482220,Amapá,AP,Lima Paulista,Lagoa Enzo Gabriel Nascimento
173,Luana,Castro,caldeirathomas@moraes.org,618979-8189,Mato Grosso do Sul,MS,Jesus da Praia,Praia de Rezende
174,Emanuella,daRocha,pintoluigi@bol.com.br,(084)4307-5807,Rio Grande do Sul,RS,Costela,Trecho Lucca Souza
175,Juliana,daCosta,bernardo49@rodrigues.br,118875-5722,Tocantins,TO,Moreira do Norte,Chácara de Vieira
176,AnaSophia,Fernandes,teixeiralara@almeida.br,(021)91511324,Amapá,AP,Cunha de Goiás,Feira Gabriela Martins
177,Vinicius,Costa,vianaluigi@hotmail.com,813834-2062,Alagoas,AL,Souza do Amparo,Avenida Isabella Porto
178,Bruna,Rodrigues,wnogueira@lima.com,0800-829-3342,Distrito Federal,DF,da Rocha,Sítio Pinto
179,Rebeca,Viana,sramos@uol.com.br,6169901242,Mato Grosso do Sul,MS,Aragão do Norte,Rodovia de da Rosa
180,Laura,Cunha,nathanduarte@ig.com.br,313711-6509,Roraima,RR,das Neves,Esplanada de Castro
181,Luna,Cavalcanti,xfogaca@gmail.com,841482-2471,Amazonas,AM,Silva,Jardim de Moreira
182,Calebe,Campos,diogo47@hotmail.com,1179549417,Maranhão,MA,Aragão,Viela de Cardoso
183,AnaJulia,daConceição,zda-mata@yahoo.com.br,(071)5269-8017,Amazonas,AM,Ferreira de Dias,Recanto de Cunha
184,AnaBeatriz,Sales,thiago26@gmail.com,(081)72269715,Bahia,BA,Freitas,Lago Sales
185,Alexandre,Silva,nsilva@bol.com.br,(081)6383-4594,Espírito Santo,ES,da Luz,Fazenda de Monteiro
186,Emilly,daPaz,jduarte@goncalves.com,(021)80556823,Ceará,CE,Duarte da Serra,Trecho Cardoso
187,Yasmin,Gomes,salesbianca@gmail.com,1193780371,Pará,PA,Souza,Viaduto de da Rocha
188,Thomas,Viana,caroline46@barros.org,1162388025,Espírito Santo,ES,da Mota do Sul,Loteamento Calebe Martins
189,LucasGabriel,Araújo,eduardo57@bol.com.br,115729-1938,Mato Grosso do Sul,MS,Moura de Goiás,Pátio Freitas
190,Júlia,Mendes,tcampos@castro.org,817405-4560,Roraima,RR,Silveira,Campo Nicolas Rezende
191,Alexandre,Souza,diasjuliana@lima.com,(021)9759-0706,Amazonas,AM,da Mata,Feira Gomes
192,DaviLucca,Silveira,francisco72@vieira.com,2183428836,Rio Grande do Norte,RN,Caldeira de Minas,Travessa Natália Moura
193,Bernardo,Martins,brenda15@teixeira.br,(041)6407-8051,Maranhão,MA,Porto,Pátio André da Mata
194,MariaEduarda,Ribeiro,joao-guilherme89@yahoo.com.br,(021)8102-3037,Rondônia,RO,Ferreira,Conjunto Augusto Silva
195,MariaVitória,Barbosa,pereiraana-clara@yahoo.com.br,9000419932,Bahia,BA,Caldeira Paulista,Passarela Duarte
196,Emilly,Correia,araujopedro-miguel@rocha.net,411661-8014,Mato Grosso,MT,Ribeiro,Alameda de Cardoso
197,Rafaela,Farias,nogueiramarcelo@gmail.com,(011)9367-0670,Espírito Santo,ES,Fogaça de Minas,Morro Vieira
198,Murilo,Costela,nunesalexandre@peixoto.com,(081)2006-4304,Roraima,RR,Rodrigues,Largo de Fogaça
199,MariaCecília,Nunes,jcastro@uol.com.br,5186924096,Paraíba,PB,Moraes,Lagoa Lívia Ribeiro
200,Olivia,Pires,oliveirabenicio@freitas.net,4131368130,Rio Grande do Norte,RN,Moura da Praia,Vale Nunes
201,DaviLuiz,Melo,melissasilva@ig.com.br,(011)2404-8324,Sergipe,SE,da Conceição da Serra,Praça Benjamin Gomes
202,JoãoMiguel,daCruz,kribeiro@gomes.br,2148637715,São Paulo,SP,Castro,Praia Viana
203,Luigi,Vieira,bdas-neves@ferreira.net,(084)89729775,Distrito Federal,DF,Nunes Verde,Colônia de Almeida
204,Lorena,Cunha,ana-beatriz97@hotmail.com,(084)73730881,Amapá,AP,Lima Paulista,Conjunto de Fogaça
205,Mariana,Melo,pmoreira@ig.com.br,8006454547,Roraima,RR,Silveira,Estrada Esther Lima
206,AnaJúlia,Oliveira,joaopereira@azevedo.br,817311-8013,Pernambuco,PE,Monteiro,Viela Rocha
207,Enzo,daCunha,icarvalho@bol.com.br,112281-2899,Paraná,PR,Rodrigues,Praça Mirella Rezende
208,Luana,Lopes,luiz-otavio42@ig.com.br,3189154162,São Paulo,SP,Rocha do Sul,Trevo Silveira
209,Luana,Moura,da-pazmaria-vitoria@ig.com.br,5106201232,Mato Grosso,MT,da Paz,Trevo de Pinto
210,Carolina,Rezende,jmonteiro@gmail.com,(061)3847-9542,Alagoas,AL,das Neves,Passarela Beatriz Pinto
211,Igor,Azevedo,tmendes@hotmail.com,414601-3175,São Paulo,SP,Caldeira do Norte,Distrito Leonardo Costela
212,MariaSophia,Caldeira,kfernandes@ramos.com,8474239169,Paraíba,PB,Barbosa das Pedras,Trevo de Araújo
213,VitorGabriel,dasNeves,jcostela@freitas.com,0900-837-6795,Goiás,GO,Rocha Verde,Sítio de Carvalho
214,Bárbara,Almeida,bazevedo@gmail.com,5127185587,Acre,AC,Nunes de da Costa,Área Otávio Nogueira
215,MarcosVinicius,Sales,carvalholucca@gmail.com,(084)78592112,Amapá,AP,Aragão da Praia,Trevo Breno Ribeiro
216,Lucas,daMota,qcastro@costa.org,(031)3961-6654,São Paulo,SP,da Rocha do Sul,Esplanada de Viana
217,Yasmin,Campos,diegoda-conceicao@da.com,814329-7861,Sergipe,SE,da Costa de Correia,Ladeira Erick Barbosa
218,Stella,Sales,mirella36@martins.br,(031)45973117,Rio Grande do Norte,RN,Viana de Rocha,Campo Miguel Alves
219,Joana,Correia,joaoramos@rezende.br,1132527349,Santa Catarina,SC,Sales de Goiás,Pátio de da Conceição
220,Emilly,daConceição,vitorda-cunha@yahoo.com.br,(011)3051-2043,Alagoas,AL,da Luz,Vereda Cardoso
221,Luana,Moura,da-rochapedro-miguel@bol.com.br,(084)12529334,Piauí,PI,Cunha,Fazenda de Campos
222,Murilo,Oliveira,teixeiraisaac@bol.com.br,0300-690-6688,Mato Grosso do Sul,MS,Aragão,Vale de Moreira
223,DaviLucca,Silveira,oliveirabernardo@correia.com,(071)78772683,Roraima,RR,Novaes de Oliveira,Campo de Nascimento
224,Kevin,daCunha,ucorreia@bol.com.br,311163-5235,Maranhão,MA,Teixeira da Prata,Avenida Cauã Ribeiro
225,Erick,Pires,marina67@ferreira.br,0500-039-7733,Santa Catarina,SC,da Mata,Condomínio de Pinto
226,Alexia,Alves,maria-vitoria20@yahoo.com.br,8134265265,Alagoas,AL,Silva,Loteamento de Campos
227,Letícia,Nascimento,kferreira@aragao.net,(051)1334-7404,Amapá,AP,Lima Paulista,Residencial Alves
228,Thales,Cunha,enrico62@farias.com,(071)2655-9447,Rio Grande do Norte,RN,Moura da Praia,Vale Nunes
229,JoãoPedro,Sales,pietra49@gomes.org,(031)88023446,Paraíba,PB,Alves,Morro Murilo Nascimento
230,Enzo,daCosta,lorenzo89@uol.com.br,3157522320,Maranhão,MA,Azevedo,Pátio de Correia
231,Thiago,Silveira,ribeiroagatha@da.br,5150472101,Minas Gerais,MG,Cunha dos Dourados,Estrada de Novaes
232,LuizFernando,Campos,carolinafarias@costela.com,312912-5449,Santa Catarina,SC,Silveira das Pedras,Loteamento da Mota
233,Sarah,Costa,vitor-hugolima@yahoo.com.br,(031)7427-7737,Mato Grosso do Sul,MS,Novaes,Jardim Cardoso
234,JoãoFelipe,Martins,asantos@monteiro.br,(071)5235-8012,Pernambuco,PE,da Mata de Cardoso,Sítio de Santos
235,Emanuel,daLuz,ddas-neves@hotmail.com,9005651571,Paraíba,PB,Novaes de Minas,Passarela de Nascimento
236,Larissa,Fernandes,marcelofogaca@yahoo.com.br,611245-5761,Alagoas,AL,Rezende de Lima,Campo Castro
237,Yuri,daLuz,xgomes@yahoo.com.br,(061)16126633,Pernambuco,PE,Fernandes Paulista,Distrito Rodrigues
238,Rodrigo,Freitas,isaac55@uol.com.br,(041)2946-8873,Maranhão,MA,das Neves,Esplanada de Castro
239,Daniela,Pires,da-pazjuliana@rodrigues.com,711392-8958,Sergipe,SE,das Neves,Lagoa de Costa
240,Eduardo,Monteiro,baraujo@costela.br,9006419236,Alagoas,AL,Cunha das Pedras,Estrada Aragão
241,Larissa,Lopes,correiaandre@hotmail.com,8147876662,Goiás,GO,Nunes,Favela de da Rocha
242,Nathan,Martins,correiabryan@lima.com,(021)30525790,Roraima,RR,Souza da Praia,Trecho de Rodrigues
243,Luiza,Alves,brenocastro@moraes.com,2188119358,Pará,PA,Souza dos Dourados,Fazenda Costela
244,Fernando,Vieira,isisda-paz@mendes.br,7184866136,Mato Grosso do Sul,MS,Jesus,Lago Maria Luiza Santos
245,Yasmin,Lopes,alana92@bol.com.br,848844-5802,Maranhão,MA,Rodrigues,Largo de Fogaça
246,Valentina,Fernandes,carvalhopietro@yahoo.com.br,(061)28880730,Rio Grande do Sul,RS,Cardoso,Vereda Teixeira
247,Francisco,Ferreira,ramosmelissa@da.br,(041)1527-5425,Acre,AC,Nunes,Travessa Sales
248,Stephany,Pinto,ana-julia32@hotmail.com,(071)5441-5886,Minas Gerais,MG,Cavalcanti de Minas,Fazenda de Sales
249,MarcosVinicius,Araújo,wlima@gmail.com,6172050450,Amazonas,AM,Caldeira Alegre,Estação Fernandes
250,Esther,Caldeira,moreiraana-julia@cardoso.com,4143990631,Alagoas,AL,Pinto,Parque de Cavalcanti
251,Rebeca,Martins,pedroda-cunha@uol.com.br,8101105881,Roraima,RR,Novaes de Oliveira,Campo de Nascimento
252,Nicolas,Silva,cpeixoto@cardoso.net,818036-9164,Paraíba,PB,Alves,Campo Gustavo Henrique Oliveira
253,Noah,Moraes,emanuelda-paz@porto.br,(061)44092589,Rio de Janeiro,RJ,Duarte do Sul,Fazenda Maria Vitória da Mata
254,Pedro,Moreira,caiosantos@fernandes.br,716018-4077,Distrito Federal,DF,Carvalho,Loteamento de Nunes
255,Sarah,Nunes,meloluana@gmail.com,(061)0942-9384,Distrito Federal,DF,Ribeiro de da Mota,Rua Lima
256,MariaEduarda,Cunha,isis18@fernandes.br,5005427511,Maranhão,MA,das Neves,Lagoa de Costa
257,AnaBeatriz,Ramos,levida-conceicao@bol.com.br,(051)40590871,Rio Grande do Norte,RN,Viana de Rocha,Campo Miguel Alves
258,Larissa,Barbosa,knogueira@ig.com.br,(084)27693072,Bahia,BA,Caldeira Paulista,Passarela Duarte
259,Leonardo,Rezende,monteirosophia@azevedo.org,(051)81156956,Rio Grande do Norte,RN,Novaes,Setor Erick Moraes
260,AnaLuiza,Castro,da-rosaenrico@gmail.com,4140092889,Ceará,CE,Fogaça Grande,Passarela Peixoto
261,Vitória,Pinto,laisnunes@nascimento.br,5009058029,Roraima,RR,da Luz,Colônia Almeida
262,Clara,daRosa,yuri19@dias.com,6148864522,Acre,AC,da Rocha,Sítio Pinto
263,Giovanna,daRosa,thomascastro@hotmail.com,0500-514-5116,Goiás,GO,Ferreira,Conjunto Augusto Silva
264,Mirella,Nascimento,oliveiracaua@hotmail.com,614324-6081,Distrito Federal,DF,da Rocha,Chácara da Rocha
265,Laura,Souza,stephany04@ferreira.com,8487905532,Paraíba,PB,Moreira do Oeste,Lagoa Heloísa Novaes
266,MariaVitória,Nunes,cavalcantidaniel@araujo.com,(031)6351-7367,Distrito Federal,DF,Freitas,Vale de Campos
267,DaviLuiz,Freitas,eduardacunha@souza.com,(081)69623463,Minas Gerais,MG,Carvalho de Cavalcanti,Estação Almeida
268,Miguel,Viana,breno88@gmail.com,3103127641,Roraima,RR,Porto da Serra,Chácara Isadora Oliveira
269,Heitor,Barros,eramos@costa.org,7109360250,Espírito Santo,ES,Cavalcanti Grande,Distrito Júlia das Neves
270,Mariana,Moreira,ferreiramarcos-vinicius@carvalho.com,0900-325-9364,Paraná,PR,Cardoso de da Mota,Morro de Nunes
271,Olivia,Porto,rodrigo18@gomes.org,(011)0066-2023,Rondônia,RO,Araújo do Oeste,Núcleo de Souza
272,JoãoLucas,Farias,aragaovitor@gmail.com,417520-7830,Espírito Santo,ES,Fogaça de Minas,Morro Vieira
273,Diego,Porto,rezendeluigi@yahoo.com.br,7199351381,Bahia,BA,das Neves da Prata,Distrito Joaquim Nunes
274,Alexia,daCruz,egoncalves@uol.com.br,3184426816,Alagoas,AL,Barros de Costela,Vereda de Almeida
275,Eduardo,Moura,caue85@vieira.com,116290-8107,São Paulo,SP,da Mota,Viaduto Paulo Castro
276,Maria,Cardoso,hrezende@yahoo.com.br,1146500930,Mato Grosso,MT,Rocha,Aeroporto de Costa
277,CarlosEduardo,Teixeira,ddias@gmail.com,(071)43698299,Amapá,AP,Rezende da Prata,Largo de Caldeira
278,Vitória,Porto,barrosclarice@da.br,(081)2624-7252,Rondônia,RO,Ferreira,Esplanada Teixeira
279,LuizMiguel,Pinto,davi-lucas98@yahoo.com.br,5158759356,Minas Gerais,MG,Cavalcanti de Minas,Fazenda de Sales
280,Esther,Castro,gustavo-henrique24@pinto.org,6154714970,Minas Gerais,MG,Peixoto Verde,Campo de Fogaça
281,Pietra,Lopes,ana-lauracardoso@lopes.com,7177835352,Paraíba,PB,Cardoso,Estrada Nogueira
282,Lorenzo,daCruz,rbarros@gmail.com,8475940192,Sergipe,SE,Campos de Souza,Campo de Freitas
283,Ana,Cavalcanti,joao-miguel67@ig.com.br,8163765858,Amapá,AP,da Mota,Trecho de Nogueira
284,Alana,Costa,giovanna34@gmail.com,(084)2023-8057,Ceará,CE,Pires de Nogueira,Viaduto Pires
285,Rafaela,Santos,diogonogueira@pereira.br,841056-7606,Mato Grosso,MT,Caldeira,Vale de Silva
286,LucasGabriel,Porto,luana33@gmail.com,(081)99271075,Distrito Federal,DF,da Rocha de Goiás,Favela de da Luz
287,Ryan,Dias,milenabarros@uol.com.br,(061)9059-3414,Distrito Federal,DF,da Cunha de Minas,Residencial Isabelly Caldeira
288,Thomas,daCosta,rodriguesleandro@peixoto.com,219995-3470,Acre,AC,da Rocha,Sítio Bianca Moura
289,PedroMiguel,Nunes,felipe50@uol.com.br,6178722591,Mato Grosso do Sul,MS,Jesus,Trevo Eloah Fernandes
290,Alexia,Rezende,da-cruzmanuela@cardoso.com,842522-5973,Santa Catarina,SC,da Cruz de Almeida,Viela Silva
291,VitorHugo,Costela,almeidaisabelly@hotmail.com,(031)83557014,Mato Grosso,MT,Nogueira,Favela Cauã Nogueira
292,Beatriz,Jesus,vitor-gabrielpires@ig.com.br,3132115871,Santa Catarina,SC,Ramos das Flores,Condomínio Yago Novaes
293,Levi,Silveira,jferreira@bol.com.br,(051)15890700,Rio de Janeiro,RJ,Aragão,Vale de Moreira
294,Rodrigo,Azevedo,fbarbosa@moraes.br,317864-1926,Maranhão,MA,Rodrigues,Praça Mirella Rezende
295,Rebeca,Lima,beniciopires@yahoo.com.br,115661-2476,Mato Grosso do Sul,MS,Santos,Quadra Cunha
296,Matheus,Martins,doliveira@gmail.com,219475-1732,Acre,AC,Pinto,Praça Renan da Mata
297,Bruna,daCunha,camposana-carolina@hotmail.com,0300-426-9433,Piauí,PI,Freitas do Galho,Aeroporto da Conceição
298,DaviLuiz,Castro,correiajuliana@uol.com.br,(081)3553-0872,Distrito Federal,DF,da Conceição de Goiás,Rua Caio Campos
299,Helena,Lima,breno09@nunes.net,(041)68636619,Rio Grande do Sul,RS,Mendes de Minas,Rua de Rocha
300,AnaClara,dasNeves,hda-luz@yahoo.com.br,2131086170,Tocantins,TO,Moura do Norte,Morro Isadora Cardoso
301,Rebeca,Mendes,ovieira@da.net,(051)9007-4044,Minas Gerais,MG,Melo de da Mata,Travessa Viana
302,Catarina,Silva,santosnatalia@da.org,(041)2512-1347,Rondônia,RO,Carvalho de Minas,Travessa Marcos Vinicius Fogaça
303,AnaCarolina,Carvalho,emanuellada-mata@nunes.net,(084)5686-3025,Sergipe,SE,da Costa Paulista,Colônia Stephany Santos
304,Erick,daCosta,piresluiz-felipe@hotmail.com,213998-5649,Pernambuco,PE,Correia,Lago de Campos
305,MariaFernanda,Oliveira,rafael43@farias.com,9000696858,Rondônia,RO,Nunes,Travessa Sales
306,Emanuelly,daMata,rda-mata@hotmail.com,117179-0347,Tocantins,TO,Costela,Trecho Lucca Souza
307,Lavínia,daConceição,souzaaugusto@alves.org,4109236773,Mato Grosso,MT,Ribeiro,Pátio de Melo
308,Luana,Vieira,anafogaca@da.br,847952-6395,Minas Gerais,MG,Moraes,Lagoa Lívia Ribeiro
309,Cauã,Lima,brunanascimento@yahoo.com.br,(061)3592-9537,Paraíba,PB,Ferreira das Pedras,Favela Caio Porto
310,VitorHugo,Rocha,alexiafernandes@da.net,7109108250,Sergipe,SE,da Costa de Correia,Estação Vitória da Rosa
311,Camila,Monteiro,yasmincostela@bol.com.br,415865-6678,Piauí,PI,Santos da Serra,Lago Pedro Silveira
312,Isabel,daRosa,vda-luz@gmail.com,0800-218-2239,Goiás,GO,Mendes,Viaduto Alícia Barros
313,Bruno,Viana,isabella44@pinto.com,(041)0138-6719,Acre,AC,Martins de Oliveira,Avenida Cunha
314,Augusto,Santos,caio95@gmail.com,415655-4956,Goiás,GO,Souza,Recanto de da Mota
315,Danilo,Santos,yuri09@bol.com.br,5122916942,Rio Grande do Norte,RN,Azevedo,Pátio de Correia
316,LucasGabriel,Cavalcanti,heitor13@ig.com.br,5104364526,Ceará,CE,Costela,Núcleo Emanuella Lima
317,Rafaela,Monteiro,dcardoso@cardoso.com,(021)43928531,São Paulo,SP,Rodrigues da Praia,Sítio de Teixeira
318,Arthur,dasNeves,emanuellyda-conceicao@nunes.br,216640-1321,Mato Grosso do Sul,MS,Gonçalves,Campo Augusto Souza
319,MariaCecília,daMata,pbarbosa@yahoo.com.br,(031)8924-3680,Rondônia,RO,da Conceição das Pedras,Largo Davi Silva
320,Alice,Costa,luiz-miguelda-mata@bol.com.br,617036-2619,Acre,AC,Araújo de Lima,Avenida de Almeida
321,Rodrigo,Cardoso,rochaisabella@da.com,(084)5335-0569,Rondônia,RO,Nascimento das Pedras,Rodovia Monteiro
322,Clarice,Duarte,acavalcanti@ig.com.br,3176913801,Alagoas,AL,Moreira das Flores,Setor de Porto
323,Laura,Farias,qda-mata@ig.com.br,7108813716,Distrito Federal,DF,da Conceição de Goiás,Distrito Ramos
324,Thiago,Azevedo,wda-rosa@ig.com.br,(084)8889-6204,Amapá,AP,Costela Verde,Condomínio de da Luz
325,Emanuella,Lima,benjamincardoso@uol.com.br,(021)5948-2796,Mato Grosso,MT,Costa,Conjunto de Santos
326,Ryan,Barbosa,sabrinamoura@costa.com,311911-5659,Bahia,BA,Almeida,Pátio de Duarte
327,Matheus,Melo,costelayuri@da.com,(031)73076429,Santa Catarina,SC,Silveira de Goiás,Viaduto de Barros
328,Marcelo,Gonçalves,peixotogabrielly@farias.com,6109685800,Paraná,PR,Almeida,Quadra João Cardoso
329,Alexandre,Barros,barbosadaniela@bol.com.br,0500-533-3501,Minas Gerais,MG,Barbosa,Residencial Maria Vitória Gomes
330,Fernanda,daCunha,leviporto@bol.com.br,0900-971-2145,Espírito Santo,ES,Monteiro,Via Jesus
331,AnaClara,Azevedo,da-pazluigi@yahoo.com.br,0800-303-3907,Alagoas,AL,das Neves,Lagoa de Costa
332,Fernando,Costela,dlopes@carvalho.org,(081)3707-8489,Mato Grosso do Sul,MS,Barros Alegre,Área Isis da Costa
333,Yago,Gonçalves,walves@moraes.br,(081)0306-7019,Paraná,PR,Azevedo,Conjunto Diogo Alves
334,JoãoLucas,Viana,peixotolais@da.br,(061)89092765,Alagoas,AL,Silva,Colônia de Correia
335,Esther,daLuz,da-rochaluana@da.org,(081)47961716,São Paulo,SP,Caldeira do Norte,Distrito Leonardo Costela
336,Stella,Costela,vicente22@da.br,(081)8908-2949,Rio de Janeiro,RJ,Martins,Parque Luiz Otávio Rodrigues
337,MariaVitória,Silveira,rezendeemilly@peixoto.br,(071)30862119,Mato Grosso,MT,Ribeiro,Alameda de Cardoso
338,Milena,Nogueira,carlos-eduardo72@hotmail.com,(061)99293065,Ceará,CE,Silveira,Vereda Cardoso
339,Natália,Duarte,joao-vitoraraujo@da.com,815272-1038,Paraíba,PB,Silva,Travessa Rodrigues
340,Alice,Ramos,ribeirootavio@uol.com.br,840171-1559,Maranhão,MA,Lopes,Vila Martins
341,AnaJúlia,Gomes,kda-mota@pereira.com,118738-0099,Acre,AC,Nunes,Via da Luz
342,Pietra,Rezende,zaragao@hotmail.com,(061)8564-7256,Maranhão,MA,Novaes,Vila de Nunes
343,Julia,daLuz,beatriz73@fogaca.br,(081)7438-2781,Amapá,AP,Castro,Avenida Pinto
344,Nicole,Ribeiro,sarahcardoso@yahoo.com.br,0900-628-2813,Paraíba,PB,Cardoso,Vereda Teixeira
345,Alícia,Alves,marinamelo@gmail.com,5130627525,Tocantins,TO,Melo de Barbosa,Recanto de Almeida
346,Camila,Cardoso,da-pazrodrigo@bol.com.br,(031)9015-8724,Mato Grosso,MT,Ribeiro,Condomínio Nogueira
347,Luana,Mendes,joana18@hotmail.com,(041)18391022,Minas Gerais,MG,Sales,Trevo Ramos
348,Isabelly,Freitas,yuripereira@correia.br,(071)83344753,Mato Grosso do Sul,MS,Moura de Goiás,Pátio Freitas
349,Noah,Lima,maysagoncalves@ig.com.br,(071)08244310,Paraíba,PB,Costa,Viela de Gomes
350,Eduarda,Duarte,mendesdiego@bol.com.br,713517-5862,Sergipe,SE,das Neves,Esplanada de Castro
351,Matheus,Barbosa,rebecabarros@ig.com.br,(061)6115-8988,Alagoas,AL,da Luz,Fazenda de Monteiro
352,Alexia,daCruz,afogaca@ig.com.br,0800-772-5855,Rio Grande do Sul,RS,da Luz de Duarte,Lagoa Isaac Aragão
353,Lara,Souza,antonio16@cardoso.br,0800-406-6567,Ceará,CE,Farias de Nogueira,Trecho Pinto
354,Mirella,Costa,moraesisabelly@uol.com.br,8454784686,Alagoas,AL,Silva,Colônia de Correia
355,Lara,Melo,thales98@hotmail.com,6131575390,Rio Grande do Norte,RN,Castro,Praia Viana
356,Emanuelly,Cunha,kda-cruz@rezende.org,1123672156,São Paulo,SP,Cardoso Verde,Condomínio Bryan Moreira
357,Luigi,Duarte,meloluiz-fernando@sales.br,4173675908,Rio de Janeiro,RJ,Souza de Cunha,Praça Eduardo Barbosa
358,Pedro,Martins,danielgomes@ramos.com,315600-8191,Goiás,GO,Cardoso,Parque de Silveira
359,Elisa,Cunha,freitasluiza@hotmail.com,(084)1009-5713,Rio de Janeiro,RJ,Cardoso,Praia Luana Novaes
360,Carolina,Barros,yalmeida@gmail.com,3008063646,Sergipe,SE,Melo das Pedras,Alameda Guilherme Alves
361,Agatha,Aragão,juliamoura@yahoo.com.br,5109251716,Bahia,BA,Araújo das Pedras,Parque da Conceição
362,Pedro,Cavalcanti,luigi15@pires.com,6182442010,Paraíba,PB,Moraes,Colônia Peixoto
363,EnzoGabriel,Nascimento,pedro-miguel30@freitas.br,(021)53389515,São Paulo,SP,da Cunha,Esplanada Larissa Farias
364,Antônio,Araújo,francisco91@rezende.com,(041)66441557,Rondônia,RO,Cardoso Paulista,Rua de Caldeira
365,Gustavo,Porto,leandro58@goncalves.com,0900-866-9051,Ceará,CE,Carvalho,Vale de Cavalcanti
366,Pietro,Castro,jnogueira@freitas.net,5189649305,Mato Grosso do Sul,MS,Oliveira,Parque Isabella Nunes
367,Gabriel,Fogaça,mmoraes@ig.com.br,4120335356,Rio de Janeiro,RJ,Nascimento,Viela Rezende
368,Benjamin,Mendes,xviana@pereira.br,0800-834-8878,Roraima,RR,da Luz,Vereda Cardoso
369,Larissa,Lopes,caioda-mota@caldeira.br,2165459003,Amazonas,AM,Cunha,Campo de Lopes
370,Emanuelly,Pereira,leonardo05@uol.com.br,8000294093,Minas Gerais,MG,Mendes das Pedras,Morro Ribeiro
371,Rodrigo,Barros,enzo-gabrielaragao@ferreira.com,(051)34414847,Pernambuco,PE,Correia,Colônia Cardoso
372,Eduarda,daRosa,laragoncalves@cardoso.br,2150235876,Rio de Janeiro,RJ,Martins,Pátio Sofia Jesus
373,LuizMiguel,Cavalcanti,cauevieira@ribeiro.com,5158909888,São Paulo,SP,da Paz,Residencial Manuela Mendes
374,Sabrina,Gomes,maria-vitoria06@sales.br,844157-5477,Espírito Santo,ES,Cavalcanti Grande,Lagoa Pires
375,Mirella,Fogaça,kamillymonteiro@ig.com.br,(084)6982-8909,Espírito Santo,ES,Lopes das Pedras,Praia Cunha
376,AnaSophia,Ramos,salesian@da.com,114797-4679,Pernambuco,PE,Correia da Mata,Vale Silveira
377,Nicole,Freitas,oda-rosa@hotmail.com,1103682853,Pernambuco,PE,Mendes do Amparo,Alameda Heloísa Castro
378,Nicole,Fernandes,joao-lucas82@hotmail.com,(084)37667847,Pará,PA,Novaes de Minas,Passarela de Nascimento
379,Cauã,daCosta,luiz-miguelcampos@correia.br,714034-6812,Rio Grande do Norte,RN,Oliveira,Estrada Alves
380,Kevin,Melo,das-nevesmatheus@ig.com.br,(031)3697-0268,Maranhão,MA,Costa Verde,Colônia de Aragão
381,Ian,Moraes,caiopinto@azevedo.br,5195807060,Sergipe,SE,Freitas da Prata,Ladeira de Santos
382,PedroMiguel,Moreira,xda-costa@da.net,8453777892,Piauí,PI,da Luz,Estação Pedro Miguel Peixoto
383,MarcosVinicius,Moreira,yfarias@hotmail.com,(011)5391-0294,Piauí,PI,Azevedo,Distrito Vitor Gabriel Aragão
384,Benício,Correia,pedro-henriqueteixeira@azevedo.br,0900-596-1335,Rio Grande do Sul,RS,Gonçalves do Campo,Conjunto de Rocha
385,Heloísa,Porto,felipeda-paz@hotmail.com,412389-8324,Roraima,RR,Melo,Condomínio Melo
386,Sophie,Cavalcanti,oliveirajulia@ig.com.br,(084)0472-7043,Ceará,CE,da Paz,Residencial Manuela Mendes
387,Brenda,Gonçalves,moreirajuliana@da.com,(031)2444-0644,Mato Grosso,MT,Jesus da Serra,Passarela de Silveira
388,AnaJulia,Ribeiro,nogueiradanilo@ig.com.br,(051)99170214,Tocantins,TO,Caldeira,Quadra Pires
389,Emanuelly,Melo,sda-paz@yahoo.com.br,2127476413,Rio Grande do Sul,RS,Silva do Oeste,Estação da Rosa
390,Maysa,Carvalho,ucunha@hotmail.com,(061)4697-7575,Paraíba,PB,Santos do Campo,Lagoa de Vieira
391,Pedro,Moraes,diego81@rocha.br,(041)55922539,Rio Grande do Norte,RN,Castro,Quadra de Cavalcanti
392,Agatha,Monteiro,rodriguesmariane@santos.br,(084)60003471,Amazonas,AM,Pinto do Amparo,Lago Kaique da Paz
393,Manuela,Viana,da-rosayasmin@bol.com.br,5112494974,Paraíba,PB,Cardoso,Praia Luana Novaes
394,LuizMiguel,Cavalcanti,joao-felipe05@ig.com.br,0500-079-5995,Rio Grande do Norte,RN,Gonçalves,Alameda Isaac da Paz
395,LucasGabriel,Campos,maria-cecilia73@ribeiro.com,(061)29294193,Piauí,PI,Freitas Paulista,Fazenda de Nogueira
396,Lara,Cunha,tcunha@nunes.net,(061)2539-9822,Acre,AC,Rezende,Núcleo de Correia
397,Emanuel,daConceição,joao-lucasaraujo@uol.com.br,(084)1022-9635,Santa Catarina,SC,da Mota da Serra,Residencial Viana
398,PedroMiguel,Sales,pramos@souza.com,(021)1497-9584,Maranhão,MA,Azevedo,Passarela Luiza Farias
399,Mariana,Lima,oliveiraisabel@alves.org,(071)1852-6295,Paraíba,PB,Jesus Alegre,Viela Henrique Jesus
400,Daniela,daMata,gcosta@hotmail.com,416746-6915,Minas Gerais,MG,Melo de da Mata,Chácara de Ribeiro
401,Paulo,daConceição,da-matatheo@ig.com.br,0500-833-3540,Pernambuco,PE,Souza,Área Cardoso
402,Agatha,Viana,emillysouza@alves.com,0500-200-1289,Roraima,RR,Farias de da Cruz,Estação Diego Moraes
403,Yasmin,Santos,leticiacorreia@ig.com.br,1185320426,Goiás,GO,Farias das Flores,Conjunto Freitas
404,Emanuella,Monteiro,nmoraes@lima.com,(084)8313-1977,Tocantins,TO,Monteiro do Galho,Rua de Moraes
405,Antônio,Silveira,ncardoso@viana.br,(071)75638434,Rondônia,RO,Lopes,Vila Martins
406,Kevin,Moraes,ana-luiza56@uol.com.br,(051)89633699,Rio de Janeiro,RJ,Mendes,Viaduto Alícia Barros
407,Fernanda,Rodrigues,daniloviana@hotmail.com,(021)0513-6358,Mato Grosso do Sul,MS,Ribeiro de Porto,Trevo Almeida
408,Pietra,Nunes,thomas54@rezende.org,614734-5215,Pernambuco,PE,Lopes do Amparo,Recanto Benjamin da Luz
409,Yuri,Martins,ecaldeira@novaes.br,(011)5742-6024,Tocantins,TO,Cardoso,Estrada Nogueira
410,Larissa,Araújo,ana-beatrizdias@da.br,0300-725-9647,Rondônia,RO,Lima de da Cruz,Área de Martins
411,AnaSophia,Campos,goncalvesisaac@yahoo.com.br,(031)3555-1527,Espírito Santo,ES,Cavalcanti Grande,Praça de Silveira
412,Daniel,Gomes,luiz-gustavomendes@monteiro.org,(031)8660-4445,Rio Grande do Norte,RN,Mendes,Rodovia Joaquim Cavalcanti
413,Evelyn,Ferreira,dsantos@hotmail.com,(071)5542-8497,Mato Grosso do Sul,MS,Aragão,Vale Maria Fernanda Azevedo
414,Caio,Fernandes,maiteribeiro@ig.com.br,(081)0770-5819,Piauí,PI,da Mata,Condomínio de Pinto
415,LuizMiguel,Mendes,joao-pedrocorreia@bol.com.br,(071)21115624,Santa Catarina,SC,Moreira,Chácara Natália Santos
416,VitorHugo,Moura,da-rochaalexia@bol.com.br,0300-120-2418,Amapá,AP,Rezende da Prata,Praia Cunha
417,Vinicius,Moraes,luiz-fernandocosta@hotmail.com,(011)58972419,Acre,AC,Rezende,Loteamento de Vieira
418,Luana,Monteiro,onovaes@ig.com.br,5157215261,Rondônia,RO,Cardoso de Goiás,Trevo Stella Freitas
419,Rafael,Santos,jsilveira@peixoto.br,216409-7875,Roraima,RR,da Rocha,Travessa de Azevedo
420,João,Cavalcanti,diasyuri@viana.br,8120028880,Santa Catarina,SC,das Neves,Esplanada Ana Clara Viana
421,Yasmin,Ramos,barrosjoao-miguel@da.com,(011)74949909,Roraima,RR,Souza da Praia,Trecho de Rodrigues
422,Emilly,Azevedo,diasana-clara@almeida.org,(011)8760-9595,São Paulo,SP,da Mota,Quadra de Jesus
423,Raul,Lima,murilolima@gmail.com,(084)8871-2399,Paraná,PR,Ramos,Trevo Carlos Eduardo Santos
424,Emanuelly,Rezende,qnunes@hotmail.com,6154852420,Amapá,AP,Cunha de Goiás,Via Luiza Rocha
425,Esther,Cardoso,joaquimbarros@hotmail.com,(084)5843-6150,Pará,PA,Martins do Galho,Viela de Jesus
426,Bárbara,Azevedo,agoncalves@da.br,1104072032,Ceará,CE,Farias,Lago Isis Moreira
427,Luana,Moraes,ana-livia64@nunes.com,(041)24463940,Rondônia,RO,Rodrigues,Largo de Fogaça
428,MariaCecília,Moreira,cgomes@yahoo.com.br,(071)43693109,Minas Gerais,MG,Aragão,Vale Maria Fernanda Azevedo
429,Catarina,Nunes,valentina30@teixeira.org,(021)68673070,Sergipe,SE,Campos de Castro,Recanto da Cunha
430,PedroLucas,Gomes,anthonysantos@fernandes.br,810298-0569,Sergipe,SE,Rocha,Residencial de Santos
431,Bryan,daLuz,renancaldeira@bol.com.br,(084)19696063,Bahia,BA,Melo,Ladeira da Mota
432,Olivia,Farias,uda-rosa@gmail.com,(081)8176-4489,Rio Grande do Sul,RS,Moura de da Cunha,Parque de Alves
433,Heloísa,Peixoto,wporto@bol.com.br,5008518639,Maranhão,MA,Novaes,Vila de Nunes
434,JoãoGabriel,Santos,wbarros@mendes.com,(031)03350999,São Paulo,SP,Farias,Recanto de Teixeira
435,Nicole,Cavalcanti,ana-juliacavalcanti@uol.com.br,(071)0322-0454,Rondônia,RO,Ferreira,Área Carvalho
436,Amanda,Novaes,luiz-felipe11@hotmail.com,(051)33332006,Roraima,RR,Rodrigues,Jardim de da Cruz
437,Isadora,daPaz,wcarvalho@bol.com.br,7140360841,Sergipe,SE,da Conceição da Serra,Loteamento Silveira
438,Lorena,Rodrigues,ana-liviacampos@gmail.com,(051)8579-9971,Minas Gerais,MG,Monteiro,Viela Rocha
439,Lorena,Campos,clara17@gmail.com,6155892487,Minas Gerais,MG,Aragão,Viela de Cardoso
440,Emanuella,Silveira,yuri43@pires.net,(041)02807354,Tocantins,TO,Cardoso,Praia Luana Novaes
441,MariaEduarda,Santos,isilveira@uol.com.br,(031)4199-6834,Piauí,PI,Vieira,Praia João Vitor da Rosa
442,JoãoGuilherme,Cardoso,zlima@costa.com,(081)98020477,Paraíba,PB,Silva,Loteamento de Campos
443,AnaSophia,Correia,dpeixoto@hotmail.com,5004864029,Tocantins,TO,Cardoso,Vereda Teixeira
444,Caio,Vieira,ferreirajoao-gabriel@monteiro.org,8181774808,Rondônia,RO,Nunes,Esplanada de Costa
445,Sofia,Pires,qalmeida@hotmail.com,8131798475,Rio de Janeiro,RJ,Martins,Feira Gustavo Pinto
446,Sarah,Gomes,ugomes@yahoo.com.br,8420407796,Roraima,RR,da Rocha,Sítio Pinto
447,Danilo,Campos,mirellasales@uol.com.br,2180485087,Rio de Janeiro,RJ,Souza de Cunha,Praça Eduardo Barbosa
448,LuizGustavo,Rodrigues,raquelsouza@lopes.br,6145051892,Pará,PA,Ferreira do Norte,Aeroporto de Gomes
449,JoãoMiguel,Porto,rodrigueseduardo@hotmail.com,(051)71129116,Paraná,PR,Teixeira de Pinto,Alameda de Jesus
450,MariaAlice,Barros,enzo33@cardoso.org,2183466471,Mato Grosso do Sul,MS,Dias,Estação de Moraes
451,Rodrigo,Rodrigues,da-conceicaopedro-miguel@uol.com.br,716690-7985,Minas Gerais,MG,Barbosa,Recanto de da Costa
452,AnaJulia,Vieira,maria-fernandaporto@fernandes.net,(041)45132471,Mato Grosso do Sul,MS,Castro,Praia Viana
453,Guilherme,Costela,barbarada-cruz@da.br,4150903804,Rio Grande do Norte,RN,Caldeira de Minas,Estação de Lopes
454,LucasGabriel,daCosta,moreirayuri@gmail.com,(041)40072770,Amazonas,AM,Ferreira de Dias,Estrada Freitas
455,Sabrina,Campos,diascatarina@nascimento.net,(011)29881994,Sergipe,SE,Oliveira,Parque Isabella Nunes
456,MariaSophia,Nogueira,da-motaguilherme@correia.br,214985-6002,Rondônia,RO,Nascimento das Pedras,Feira de da Luz
457,Pietra,Viana,gda-conceicao@melo.com,8005788626,Rio Grande do Sul,RS,Cardoso,Estrada Nogueira
458,Alexandre,daLuz,nathan99@da.br,0300-270-8948,Paraná,PR,Cunha,Condomínio João Gabriel Peixoto
459,Yasmin,Rodrigues,fmonteiro@bol.com.br,2167004353,Alagoas,AL,Viana,Praça Theo Rocha
460,JoãoGuilherme,Peixoto,cfreitas@azevedo.br,718391-9660,Mato Grosso do Sul,MS,Gonçalves,Fazenda de da Conceição
461,AnaVitória,Lopes,luigi43@cardoso.com,(011)62843675,Rio Grande do Sul,RS,Mendes de Minas,Loteamento Moreira
462,Isaac,Silva,maite47@da.br,119796-3753,Sergipe,SE,da Conceição da Serra,Conjunto Isabel da Rosa
463,Letícia,Costela,lucas-gabriel59@correia.net,(041)9959-4953,Santa Catarina,SC,Silveira de Goiás,Estação Costela
464,DaviLucca,Ribeiro,mendesmaria-fernanda@costa.br,(021)24253137,Pará,PA,Azevedo da Mata,Morro de Pires
465,Marcelo,Araújo,maria-alicegomes@bol.com.br,617429-5912,Paraíba,PB,Ferreira das Pedras,Trevo Fernando Viana
466,André,Cardoso,vpeixoto@yahoo.com.br,219711-6144,Piauí,PI,Cavalcanti da Praia,Estrada Mirella da Rosa
467,Manuela,Carvalho,heloisa99@uol.com.br,8471548081,Minas Gerais,MG,Moraes,Fazenda da Conceição
468,Marina,Mendes,odias@carvalho.br,(031)4510-6222,Distrito Federal,DF,da Mota,Quadra de Jesus
469,LuizMiguel,Lopes,usantos@gmail.com,(051)72757322,Amapá,AP,da Costa da Mata,Condomínio de Ramos
470,Lavínia,Aragão,maria-alice93@das.com,413002-4331,Tocantins,TO,Gonçalves da Prata,Setor da Conceição
471,Marina,daRosa,fernanda44@souza.com,(071)44439354,Paraná,PR,Fogaça,Distrito Kaique Cardoso
472,JoãoPedro,Ribeiro,maria-fernanda91@bol.com.br,416332-5636,Rondônia,RO,Nascimento das Pedras,Estação Monteiro
473,EnzoGabriel,Nunes,luiz-felipeda-mota@bol.com.br,5165397329,Bahia,BA,Caldeira Paulista,Parque Moreira
474,Letícia,dasNeves,bernardosilveira@bol.com.br,119122-6864,Rondônia,RO,Cardoso Paulista,Travessa de Martins
475,Laura,Lopes,castrocecilia@hotmail.com,713816-6747,Distrito Federal,DF,da Rocha de Goiás,Pátio João Guilherme Viana
476,JoãoLucas,Araújo,lorenzojesus@souza.com,8004122997,Rio de Janeiro,RJ,Martins,Condomínio de Pires
477,Thales,Barbosa,santospietra@aragao.br,(051)15004183,Maranhão,MA,Azevedo,Distrito Vitor Gabriel Aragão
478,AnaJúlia,Gomes,peixotoana-luiza@hotmail.com,3008784842,Ceará,CE,da Costa de Goiás,Núcleo de Sales
479,Laís,Duarte,kcorreia@yahoo.com.br,(084)1880-2693,Rio Grande do Norte,RN,Moura da Praia,Residencial de Costela
480,LucasGabriel,daCunha,araujovinicius@ribeiro.com,813591-4012,Amazonas,AM,Cunha,Campo de Lopes
481,Renan,Duarte,vitorgomes@gmail.com,114282-6181,Paraná,PR,Azevedo,Vila de Jesus
482,Marcela,Silva,bda-cruz@bol.com.br,(061)5088-8591,São Paulo,SP,Dias de Barros,Morro Almeida
483,Marina,Rezende,mariane12@hotmail.com,4183527441,Ceará,CE,Monteiro,Viela Rocha
484,Matheus,Oliveira,correiapedro@bol.com.br,(011)53274299,Pará,PA,Souza,Via da Conceição
485,Danilo,Castro,maysada-costa@yahoo.com.br,8005458482,Alagoas,AL,Silva,Colônia de Correia
486,Luana,Freitas,joao-gabriel33@oliveira.net,(081)1425-9796,Maranhão,MA,Nunes,Favela de da Rocha
487,Nicole,Castro,silveiraana-carolina@fernandes.com,2193141968,Amapá,AP,Cardoso da Mata,Vale da Mata
488,Giovanna,Nunes,luccasilva@lopes.com,4161345485,Rondônia,RO,Lopes,Vila Thiago Peixoto
489,Nicole,Farias,lnascimento@bol.com.br,114433-0832,Rio Grande do Norte,RN,Azevedo,Conjunto Diogo Alves
490,Camila,Cavalcanti,pcorreia@ig.com.br,(061)4649-2213,Alagoas,AL,Silveira,Vereda Cardoso
491,Gabrielly,Santos,jpeixoto@hotmail.com,5198433589,Sergipe,SE,Rocha,Residencial de Santos
492,Emanuel,Araújo,luiz-felipecosta@uol.com.br,2107120144,Amazonas,AM,Almeida Grande,Trecho Rafael Martins
493,Isaac,Vieira,afreitas@ramos.com,115973-0144,Rio Grande do Norte,RN,Oliveira,Área Raquel da Paz
494,Enzo,Nascimento,da-cunhajoao-felipe@azevedo.br,216341-0852,Goiás,GO,da Mata,Avenida Teixeira
495,EnzoGabriel,Novaes,helenaaraujo@nunes.org,(061)54257982,Paraná,PR,Rezende dos Dourados,Largo Peixoto
496,Yuri,Rodrigues,gramos@yahoo.com.br,(011)64612452,Bahia,BA,Lopes de Carvalho,Viela de Castro
497,AnaVitória,Nascimento,nfreitas@hotmail.com,8184458020,Amazonas,AM,Porto de Goiás,Alameda de da Rosa
498,Bárbara,Almeida,vdas-neves@farias.com,(071)80667470,Ceará,CE,Gomes,Viaduto Alice Santos
499,PedroLucas,Araújo,maria-claraaragao@da.br,4185740615,Alagoas,AL,Oliveira,Estrada Alves
500,Bryan,Araújo,rcosta@azevedo.net,816916-2329,Pará,PA,Souza,Viaduto de da Rocha
