pedido_id;cliente_id_pedido;vendedor_id_pedido;ID_Produto;quantidade; valor_total ;data_pedido;pedido_id_pagamento;status_pagamento;status_entrega;STATUS PEDIDO
1;208;6;42;1; 660.00 ;01/12/2024;3;Cancelado;Cancelado;CANCELADO
2;266;48;14;3; 11847.00 ;31/12/2024;4;Cancelado;Entregue;FRAUDE
3;106;48;16;2; 5046.00 ;25/12/2024;6;Cancelado;Entregue;FRAUDE
4;281;37;33;3; 6603.00 ;11/12/2024;2;Pago;Pendente;EM SEPARAÇÃO
5;373;40;45;2; 6678.00 ;30/12/2024;2;Pago;Cancelado;RECLAMAÇÃO
6;51;35;7;3; 7944.00 ;14/12/2024;3;Atrasado;Enviado;EM ROTA, AGUARDAR PAGAMENTO
7;146;51;24;5; 13200.00 ;12/12/2024;3;Atrasado;Cancelado;falta de pagamento
8;106;47;22;4; 13512.00 ;19/12/2024;6;Atrasado;Enviado;EM ROTA, AGUARDAR PAGAMENTO
9;423;43;35;4; 15900.00 ;14/12/2024;3;Cancelado;Entregue;FRAUDE
10;350;9;15;5; 1510.00 ;26/12/2024;1;Pago;Enviado;Em Rota
11;235;35;18;3; 1914.00 ;29/12/2024;1;Pago;Pendente;EM SEPARAÇÃO
12;280;27;31;3; 2208.00 ;01/12/2024;6;Cancelado;Pendente;Cancelar Rota
13;402;9;32;5; 2195.00 ;26/12/2024;2;Cancelado;Entregue;FRAUDE
14;411;10;23;2; 3476.00 ;24/12/2024;4;Pago;Entregue;SUCESSO
15;151;26;33;5; 11005.00 ;20/12/2024;4;Pago;Enviado;Em Rota
16;237;11;3;3; 10593.00 ;08/12/2024;2;Cancelado;Pendente;Cancelar Rota
17;322;22;43;2; 782.00 ;30/12/2024;3;Cancelado;Pendente;Cancelar Rota
18;186;17;34;4; 9800.00 ;15/12/2024;3;Cancelado;Entregue;FRAUDE
19;481;9;41;2; 330.00 ;26/12/2024;1;Atrasado;Pendente;EM SEPARAÇÃO, AGUARDAR PAGAMENTO
20;364;17;21;5; 4475.00 ;15/12/2024;5;Atrasado;Enviado;EM ROTA, AGUARDAR PAGAMENTO
21;340;41;10;4; 1988.00 ;15/12/2024;5;Atrasado;Enviado;EM ROTA, AGUARDAR PAGAMENTO
22;388;3;35;3; 11925.00 ;20/12/2024;3;Atrasado;Cancelado;falta de pagamento
23;42;13;9;1; 4023.00 ;28/12/2024;1;Atrasado;Pendente;EM SEPARAÇÃO, AGUARDAR PAGAMENTO
24;92;39;16;1; 2523.00 ;15/12/2024;2;Cancelado;Cancelado;CANCELADO
25;101;38;27;1; 1313.00 ;31/12/2024;6;Atrasado;Pendente;EM SEPARAÇÃO, AGUARDAR PAGAMENTO
26;85;39;45;5; 16695.00 ;20/12/2024;1;Pago;Enviado;Em Rota
27;470;21;21;3; 2685.00 ;02/12/2024;4;Cancelado;Enviado;Cancelar Rota
28;160;30;26;1; 4313.00 ;18/12/2024;1;Pago;Cancelado;RECLAMAÇÃO
29;364;7;35;5; 19875.00 ;09/12/2024;4;Pago;Enviado;Em Rota
30;61;39;10;4; 1988.00 ;06/12/2024;2;Pago;Enviado;Em Rota
31;83;28;35;2; 7950.00 ;05/12/2024;3;Pago;Entregue;SUCESSO
32;32;31;45;2; 6678.00 ;08/12/2024;3;Pago;Cancelado;RECLAMAÇÃO
33;225;47;11;2; 3444.00 ;08/12/2024;3;Atrasado;Pendente;EM SEPARAÇÃO, AGUARDAR PAGAMENTO
34;114;5;36;3; 10794.00 ;18/12/2024;1;Pago;Cancelado;RECLAMAÇÃO
35;129;38;11;2; 3444.00 ;22/12/2024;4;Pago;Cancelado;RECLAMAÇÃO
36;440;19;11;5; 8610.00 ;26/12/2024;6;Cancelado;Enviado;Cancelar Rota
37;448;1;34;5; 12250.00 ;21/12/2024;1;Atrasado;Cancelado;falta de pagamento
38;108;17;14;1; 3949.00 ;11/12/2024;3;Pago;Entregue;SUCESSO
39;18;43;3;2; 7062.00 ;08/12/2024;2;Pago;Cancelado;RECLAMAÇÃO
40;78;10;36;5; 17990.00 ;26/12/2024;5;Cancelado;Cancelado;CANCELADO
41;34;8;31;1; 736.00 ;25/12/2024;5;Atrasado;Cancelado;falta de pagamento
42;407;41;3;1; 3531.00 ;01/12/2024;2;Cancelado;Entregue;FRAUDE
43;52;32;11;4; 6888.00 ;04/12/2024;5;Atrasado;Cancelado;falta de pagamento
44;355;48;29;5; 12950.00 ;30/12/2024;5;Atrasado;Entregue;FRAUDE
45;123;15;31;3; 2208.00 ;12/12/2024;5;Atrasado;Entregue;FRAUDE
46;17;26;21;1; 895.00 ;13/12/2024;5;Cancelado;Entregue;FRAUDE
47;49;24;14;1; 3949.00 ;12/12/2024;6;Pago;Enviado;Em Rota
48;35;20;44;2; 7988.00 ;27/12/2024;1;Pago;Enviado;Em Rota
49;176;41;27;4; 5252.00 ;17/12/2024;1;Pago;Cancelado;RECLAMAÇÃO
50;114;23;43;3; 1173.00 ;31/12/2024;1;Atrasado;Pendente;EM SEPARAÇÃO, AGUARDAR PAGAMENTO
51;212;2;35;3; 11925.00 ;15/12/2024;2;Pago;Enviado;Em Rota
52;468;24;15;2; 604.00 ;29/12/2024;3;Atrasado;Pendente;EM SEPARAÇÃO, AGUARDAR PAGAMENTO
53;198;39;11;5; 8610.00 ;29/12/2024;1;Pago;Enviado;Em Rota
54;140;34;15;3; 906.00 ;02/12/2024;2;Pago;Cancelado;RECLAMAÇÃO
55;250;27;40;4; 13436.00 ;16/12/2024;6;Cancelado;Enviado;Cancelar Rota
56;211;31;9;1; 4023.00 ;27/12/2024;3;Pago;Cancelado;RECLAMAÇÃO
57;110;16;23;2; 3476.00 ;11/12/2024;6;Pago;Enviado;Em Rota
58;246;42;3;5; 17655.00 ;27/12/2024;1;Pago;Pendente;EM SEPARAÇÃO
59;360;23;30;1; 3900.00 ;03/12/2024;3;Atrasado;Cancelado;falta de pagamento
60;437;22;42;4; 2640.00 ;25/12/2024;1;Cancelado;Cancelado;CANCELADO
61;500;45;31;4; 2944.00 ;03/12/2024;3;Pago;Pendente;EM SEPARAÇÃO
62;155;5;9;1; 4023.00 ;10/12/2024;6;Cancelado;Enviado;Cancelar Rota
63;273;2;25;3; 10347.00 ;27/12/2024;6;Cancelado;Pendente;Cancelar Rota
64;483;19;44;3; 11982.00 ;10/12/2024;5;Pago;Pendente;EM SEPARAÇÃO
65;249;44;9;4; 16092.00 ;08/12/2024;3;Pago;Enviado;Em Rota
66;322;14;35;5; 19875.00 ;20/12/2024;6;Atrasado;Enviado;EM ROTA, AGUARDAR PAGAMENTO
67;117;20;36;3; 10794.00 ;02/12/2024;5;Pago;Pendente;EM SEPARAÇÃO
68;349;18;10;3; 1491.00 ;31/12/2024;2;Atrasado;Cancelado;falta de pagamento
69;344;22;7;3; 7944.00 ;09/12/2024;4;Atrasado;Cancelado;falta de pagamento
70;470;43;13;3; 11667.00 ;16/12/2024;6;Cancelado;Pendente;Cancelar Rota
71;288;38;13;3; 11667.00 ;30/12/2024;1;Atrasado;Enviado;EM ROTA, AGUARDAR PAGAMENTO
72;372;36;13;3; 11667.00 ;29/12/2024;5;Cancelado;Pendente;Cancelar Rota
73;340;2;21;1; 895.00 ;05/12/2024;6;Pago;Enviado;Em Rota
74;343;4;10;4; 1988.00 ;30/12/2024;3;Pago;Cancelado;RECLAMAÇÃO
75;251;42;33;4; 8804.00 ;27/12/2024;1;Pago;Entregue;SUCESSO
76;220;37;15;2; 604.00 ;29/12/2024;3;Pago;Enviado;Em Rota
77;307;3;38;2; 2546.00 ;05/12/2024;3;Cancelado;Pendente;Cancelar Rota
78;156;7;10;4; 1988.00 ;22/12/2024;6;Pago;Pendente;EM SEPARAÇÃO
79;221;51;38;3; 3819.00 ;11/12/2024;4;Cancelado;Enviado;Cancelar Rota
80;478;31;24;4; 10560.00 ;05/12/2024;3;Atrasado;Cancelado;falta de pagamento
81;494;45;44;2; 7988.00 ;24/12/2024;4;Cancelado;Pendente;Cancelar Rota
82;446;1;22;1; 3378.00 ;29/12/2024;3;Pago;Enviado;Em Rota
83;387;38;23;3; 5214.00 ;16/12/2024;6;Cancelado;Enviado;Cancelar Rota
84;389;43;39;5; 10845.00 ;29/12/2024;4;Pago;Entregue;SUCESSO
85;70;38;7;1; 2648.00 ;02/12/2024;6;Atrasado;Pendente;EM SEPARAÇÃO, AGUARDAR PAGAMENTO
86;98;9;40;4; 13436.00 ;01/12/2024;3;Pago;Pendente;EM SEPARAÇÃO
87;127;3;36;3; 10794.00 ;11/12/2024;3;Pago;Pendente;EM SEPARAÇÃO
88;94;26;42;3; 1980.00 ;24/12/2024;4;Atrasado;Entregue;FRAUDE
89;4;35;43;5; 1955.00 ;25/12/2024;5;Atrasado;Pendente;EM SEPARAÇÃO, AGUARDAR PAGAMENTO
90;494;28;6;5; 8060.00 ;13/12/2024;3;Atrasado;Enviado;EM ROTA, AGUARDAR PAGAMENTO
91;280;48;5;2; 6446.00 ;25/12/2024;3;Cancelado;Cancelado;CANCELADO
92;221;40;18;5; 3190.00 ;03/12/2024;1;Pago;Pendente;EM SEPARAÇÃO
93;176;42;6;3; 4836.00 ;21/12/2024;6;Pago;Pendente;EM SEPARAÇÃO
94;391;28;4;1; 770.00 ;03/12/2024;4;Cancelado;Cancelado;CANCELADO
95;486;21;41;1; 165.00 ;11/12/2024;2;Pago;Cancelado;RECLAMAÇÃO
96;325;18;41;3; 495.00 ;02/12/2024;5;Cancelado;Entregue;FRAUDE
97;207;18;15;1; 302.00 ;11/12/2024;1;Cancelado;Enviado;Cancelar Rota
98;152;20;8;2; 9256.00 ;08/12/2024;2;Cancelado;Entregue;FRAUDE
99;325;29;13;1; 3889.00 ;23/12/2024;1;Atrasado;Entregue;FRAUDE
100;489;51;23;4; 6952.00 ;04/12/2024;2;Atrasado;Enviado;EM ROTA, AGUARDAR PAGAMENTO
101;64;26;42;3; 1980.00 ;26/12/2024;6;Atrasado;Pendente;EM SEPARAÇÃO, AGUARDAR PAGAMENTO
102;357;6;12;5; 22235.00 ;26/12/2024;2;Pago;Entregue;SUCESSO
103;364;3;44;1; 3994.00 ;08/12/2024;3;Atrasado;Pendente;EM SEPARAÇÃO, AGUARDAR PAGAMENTO
104;323;45;25;4; 13796.00 ;22/12/2024;4;Pago;Pendente;EM SEPARAÇÃO
105;32;35;11;1; 1722.00 ;15/12/2024;1;Pago;Cancelado;RECLAMAÇÃO
106;146;35;14;3; 11847.00 ;24/12/2024;3;Atrasado;Pendente;EM SEPARAÇÃO, AGUARDAR PAGAMENTO
107;441;27;15;1; 302.00 ;25/12/2024;4;Pago;Cancelado;RECLAMAÇÃO
108;277;12;12;1; 4447.00 ;16/12/2024;5;Cancelado;Cancelado;CANCELADO
109;421;9;32;2; 878.00 ;13/12/2024;5;Pago;Entregue;SUCESSO
110;52;48;5;5; 16115.00 ;10/12/2024;2;Atrasado;Entregue;FRAUDE
111;306;48;9;3; 12069.00 ;31/12/2024;4;Pago;Pendente;EM SEPARAÇÃO
112;463;37;43;5; 1955.00 ;21/12/2024;6;Cancelado;Entregue;FRAUDE
113;414;1;37;2; 2566.00 ;21/12/2024;1;Atrasado;Entregue;FRAUDE
114;28;50;32;1; 439.00 ;09/12/2024;4;Cancelado;Entregue;FRAUDE
115;63;46;26;2; 8626.00 ;30/12/2024;4;Atrasado;Enviado;EM ROTA, AGUARDAR PAGAMENTO
116;324;4;43;5; 1955.00 ;22/12/2024;5;Pago;Entregue;SUCESSO
117;112;20;28;4; 11636.00 ;07/12/2024;4;Atrasado;Pendente;EM SEPARAÇÃO, AGUARDAR PAGAMENTO
118;60;21;40;1; 3359.00 ;15/12/2024;4;Atrasado;Enviado;EM ROTA, AGUARDAR PAGAMENTO
119;304;22;11;4; 6888.00 ;14/12/2024;5;Atrasado;Cancelado;falta de pagamento
120;54;50;13;5; 19445.00 ;12/12/2024;5;Cancelado;Pendente;Cancelar Rota
121;54;7;22;2; 6756.00 ;15/12/2024;3;Atrasado;Entregue;FRAUDE
122;377;1;22;1; 3378.00 ;07/12/2024;3;Atrasado;Cancelado;falta de pagamento
123;134;43;30;1; 3900.00 ;10/12/2024;5;Cancelado;Cancelado;CANCELADO
124;84;47;4;3; 2310.00 ;08/12/2024;6;Pago;Cancelado;RECLAMAÇÃO
125;90;44;16;5; 12615.00 ;05/12/2024;3;Pago;Pendente;EM SEPARAÇÃO
126;314;41;3;2; 7062.00 ;17/12/2024;6;Pago;Entregue;SUCESSO
127;144;51;30;5; 19500.00 ;21/12/2024;6;Pago;Pendente;EM SEPARAÇÃO
128;146;28;43;1; 391.00 ;09/12/2024;6;Cancelado;Pendente;Cancelar Rota
129;141;14;44;4; 15976.00 ;22/12/2024;5;Cancelado;Pendente;Cancelar Rota
130;167;43;1;2; 4818.00 ;05/12/2024;6;Cancelado;Entregue;FRAUDE
131;121;32;18;5; 3190.00 ;21/12/2024;5;Cancelado;Enviado;Cancelar Rota
132;133;10;41;5; 825.00 ;08/12/2024;3;Atrasado;Enviado;EM ROTA, AGUARDAR PAGAMENTO
133;253;51;12;1; 4447.00 ;02/12/2024;6;Pago;Pendente;EM SEPARAÇÃO
134;189;28;11;4; 6888.00 ;31/12/2024;6;Atrasado;Entregue;FRAUDE
135;446;31;36;1; 3598.00 ;31/12/2024;1;Atrasado;Enviado;EM ROTA, AGUARDAR PAGAMENTO
136;85;6;40;5; 16795.00 ;27/12/2024;4;Pago;Pendente;EM SEPARAÇÃO
137;277;35;20;2; 5494.00 ;18/12/2024;5;Cancelado;Entregue;FRAUDE
138;392;2;23;3; 5214.00 ;09/12/2024;1;Atrasado;Entregue;FRAUDE
139;446;12;30;4; 15600.00 ;09/12/2024;2;Pago;Enviado;Em Rota
140;55;3;18;5; 3190.00 ;14/12/2024;1;Atrasado;Enviado;EM ROTA, AGUARDAR PAGAMENTO
141;107;20;37;4; 5132.00 ;19/12/2024;4;Pago;Entregue;SUCESSO
142;471;45;34;5; 12250.00 ;22/12/2024;1;Atrasado;Cancelado;falta de pagamento
143;169;18;13;1; 3889.00 ;21/12/2024;3;Pago;Cancelado;RECLAMAÇÃO
144;472;43;13;3; 11667.00 ;09/12/2024;2;Atrasado;Enviado;EM ROTA, AGUARDAR PAGAMENTO
145;174;14;42;1; 660.00 ;06/12/2024;6;Atrasado;Enviado;EM ROTA, AGUARDAR PAGAMENTO
146;248;15;15;4; 1208.00 ;25/12/2024;1;Pago;Entregue;SUCESSO
147;416;24;26;3; 12939.00 ;17/12/2024;2;Pago;Entregue;SUCESSO
148;435;34;39;4; 8676.00 ;23/12/2024;6;Pago;Entregue;SUCESSO
149;244;24;12;3; 13341.00 ;11/12/2024;4;Pago;Pendente;EM SEPARAÇÃO
150;173;28;13;1; 3889.00 ;10/12/2024;2;Pago;Pendente;EM SEPARAÇÃO
151;446;35;32;2; 878.00 ;27/12/2024;3;Pago;Entregue;SUCESSO
152;49;1;27;3; 3939.00 ;25/12/2024;4;Pago;Enviado;Em Rota
153;285;37;13;5; 19445.00 ;20/12/2024;6;Pago;Pendente;EM SEPARAÇÃO
154;326;49;1;1; 2409.00 ;19/12/2024;6;Pago;Entregue;SUCESSO
155;171;41;31;5; 3680.00 ;30/12/2024;5;Cancelado;Enviado;Cancelar Rota
156;332;18;44;2; 7988.00 ;04/12/2024;4;Pago;Enviado;Em Rota
157;302;48;34;4; 9800.00 ;05/12/2024;2;Cancelado;Entregue;FRAUDE
158;61;32;28;1; 2909.00 ;16/12/2024;4;Cancelado;Enviado;Cancelar Rota
159;389;7;19;2; 1740.00 ;13/12/2024;5;Atrasado;Entregue;FRAUDE
160;2;23;7;2; 5296.00 ;26/12/2024;2;Pago;Pendente;EM SEPARAÇÃO
161;30;6;39;5; 10845.00 ;22/12/2024;1;Pago;Enviado;Em Rota
162;49;47;43;3; 1173.00 ;20/12/2024;2;Atrasado;Pendente;EM SEPARAÇÃO, AGUARDAR PAGAMENTO
163;340;26;5;1; 3223.00 ;21/12/2024;3;Pago;Enviado;Em Rota
164;46;24;2;4; 16836.00 ;30/12/2024;4;Atrasado;Entregue;FRAUDE
165;243;31;25;4; 13796.00 ;24/12/2024;3;Atrasado;Pendente;EM SEPARAÇÃO, AGUARDAR PAGAMENTO
166;144;4;10;3; 1491.00 ;19/12/2024;1;Atrasado;Pendente;EM SEPARAÇÃO, AGUARDAR PAGAMENTO
167;129;18;32;4; 1756.00 ;25/12/2024;5;Pago;Entregue;SUCESSO
168;55;25;16;5; 12615.00 ;10/12/2024;5;Cancelado;Entregue;FRAUDE
169;109;22;11;1; 1722.00 ;06/12/2024;4;Pago;Cancelado;RECLAMAÇÃO
170;272;21;40;3; 10077.00 ;26/12/2024;1;Pago;Pendente;EM SEPARAÇÃO
171;262;33;5;4; 12892.00 ;12/12/2024;4;Pago;Entregue;SUCESSO
172;208;15;21;5; 4475.00 ;10/12/2024;6;Cancelado;Pendente;Cancelar Rota
173;447;26;13;4; 15556.00 ;08/12/2024;2;Cancelado;Pendente;Cancelar Rota
174;391;14;16;3; 7569.00 ;31/12/2024;6;Atrasado;Enviado;EM ROTA, AGUARDAR PAGAMENTO
175;46;32;31;1; 736.00 ;11/12/2024;5;Cancelado;Enviado;Cancelar Rota
176;327;34;18;2; 1276.00 ;17/12/2024;1;Cancelado;Entregue;FRAUDE
177;175;29;34;3; 7350.00 ;07/12/2024;2;Atrasado;Entregue;FRAUDE
178;349;20;14;5; 19745.00 ;07/12/2024;1;Cancelado;Pendente;Cancelar Rota
179;46;34;29;2; 5180.00 ;27/12/2024;2;Pago;Cancelado;RECLAMAÇÃO
180;14;2;3;3; 10593.00 ;11/12/2024;4;Atrasado;Enviado;EM ROTA, AGUARDAR PAGAMENTO
181;61;23;25;2; 6898.00 ;06/12/2024;5;Cancelado;Enviado;Cancelar Rota
182;238;8;19;3; 2610.00 ;25/12/2024;6;Atrasado;Pendente;EM SEPARAÇÃO, AGUARDAR PAGAMENTO
183;420;41;2;3; 12627.00 ;19/12/2024;2;Cancelado;Enviado;Cancelar Rota
184;32;39;36;4; 14392.00 ;04/12/2024;1;Atrasado;Pendente;EM SEPARAÇÃO, AGUARDAR PAGAMENTO
185;255;41;5;1; 3223.00 ;06/12/2024;2;Atrasado;Enviado;EM ROTA, AGUARDAR PAGAMENTO
186;103;23;11;2; 3444.00 ;14/12/2024;4;Cancelado;Pendente;Cancelar Rota
187;448;4;25;4; 13796.00 ;15/12/2024;3;Cancelado;Cancelado;CANCELADO
188;300;45;11;2; 3444.00 ;14/12/2024;3;Cancelado;Entregue;FRAUDE
189;38;42;24;5; 13200.00 ;30/12/2024;3;Pago;Cancelado;RECLAMAÇÃO
190;256;21;19;4; 3480.00 ;22/12/2024;1;Atrasado;Entregue;FRAUDE
191;181;19;5;4; 12892.00 ;01/12/2024;1;Atrasado;Enviado;EM ROTA, AGUARDAR PAGAMENTO
192;110;8;10;2; 994.00 ;27/12/2024;5;Atrasado;Entregue;FRAUDE
193;295;22;21;1; 895.00 ;12/12/2024;6;Atrasado;Entregue;FRAUDE
194;374;16;14;2; 7898.00 ;27/12/2024;4;Atrasado;Cancelado;falta de pagamento
195;159;6;33;3; 6603.00 ;24/12/2024;5;Atrasado;Pendente;EM SEPARAÇÃO, AGUARDAR PAGAMENTO
196;101;36;11;1; 1722.00 ;23/12/2024;1;Cancelado;Cancelado;CANCELADO
197;98;41;29;1; 2590.00 ;30/12/2024;3;Cancelado;Entregue;FRAUDE
198;37;30;27;1; 1313.00 ;23/12/2024;1;Cancelado;Entregue;FRAUDE
199;301;19;20;5; 13735.00 ;19/12/2024;2;Cancelado;Cancelado;CANCELADO
200;22;9;5;2; 6446.00 ;22/12/2024;4;Pago;Cancelado;RECLAMAÇÃO
201;367;24;10;5; 2485.00 ;03/12/2024;5;Atrasado;Entregue;FRAUDE
202;137;9;30;5; 19500.00 ;31/12/2024;4;Atrasado;Entregue;FRAUDE
203;334;47;24;4; 10560.00 ;14/12/2024;3;Cancelado;Enviado;Cancelar Rota
204;36;27;2;5; 21045.00 ;05/12/2024;1;Pago;Entregue;SUCESSO
205;121;16;34;2; 4900.00 ;12/12/2024;6;Pago;Entregue;SUCESSO
206;387;5;15;2; 604.00 ;25/12/2024;3;Cancelado;Pendente;Cancelar Rota
207;29;42;33;4; 8804.00 ;23/12/2024;3;Cancelado;Pendente;Cancelar Rota
208;168;18;16;4; 10092.00 ;21/12/2024;5;Pago;Pendente;EM SEPARAÇÃO
209;446;22;21;4; 3580.00 ;19/12/2024;3;Cancelado;Enviado;Cancelar Rota
210;100;7;6;4; 6448.00 ;28/12/2024;5;Pago;Pendente;EM SEPARAÇÃO
211;180;20;43;1; 391.00 ;18/12/2024;6;Atrasado;Entregue;FRAUDE
212;246;1;12;4; 17788.00 ;04/12/2024;4;Cancelado;Entregue;FRAUDE
213;268;45;3;1; 3531.00 ;25/12/2024;3;Pago;Cancelado;RECLAMAÇÃO
214;114;11;18;5; 3190.00 ;22/12/2024;2;Cancelado;Pendente;Cancelar Rota
215;244;18;15;2; 604.00 ;16/12/2024;6;Atrasado;Entregue;FRAUDE
216;377;27;25;2; 6898.00 ;27/12/2024;6;Atrasado;Cancelado;falta de pagamento
217;301;48;24;4; 10560.00 ;23/12/2024;2;Atrasado;Entregue;FRAUDE
218;109;28;10;4; 1988.00 ;17/12/2024;2;Pago;Entregue;SUCESSO
219;314;50;37;1; 1283.00 ;27/12/2024;4;Cancelado;Cancelado;CANCELADO
220;50;24;37;5; 6415.00 ;27/12/2024;2;Atrasado;Enviado;EM ROTA, AGUARDAR PAGAMENTO
221;231;50;9;2; 8046.00 ;26/12/2024;6;Atrasado;Pendente;EM SEPARAÇÃO, AGUARDAR PAGAMENTO
222;277;18;17;3; 3174.00 ;31/12/2024;2;Pago;Entregue;SUCESSO
223;166;28;11;5; 8610.00 ;27/12/2024;2;Atrasado;Pendente;EM SEPARAÇÃO, AGUARDAR PAGAMENTO
224;80;16;18;4; 2552.00 ;10/12/2024;3;Atrasado;Enviado;EM ROTA, AGUARDAR PAGAMENTO
225;165;12;7;2; 5296.00 ;10/12/2024;4;Cancelado;Pendente;Cancelar Rota
226;420;37;13;4; 15556.00 ;12/12/2024;1;Pago;Enviado;Em Rota
227;287;50;10;5; 2485.00 ;24/12/2024;5;Pago;Enviado;Em Rota
228;360;23;3;1; 3531.00 ;29/12/2024;1;Pago;Enviado;Em Rota
229;274;34;16;3; 7569.00 ;11/12/2024;3;Atrasado;Entregue;FRAUDE
230;30;41;43;3; 1173.00 ;24/12/2024;4;Pago;Entregue;SUCESSO
231;110;44;35;2; 7950.00 ;29/12/2024;4;Pago;Pendente;EM SEPARAÇÃO
232;343;24;29;4; 10360.00 ;02/12/2024;4;Pago;Cancelado;RECLAMAÇÃO
233;183;3;41;3; 495.00 ;04/12/2024;3;Atrasado;Entregue;FRAUDE
234;420;19;19;2; 1740.00 ;15/12/2024;1;Atrasado;Entregue;FRAUDE
235;141;47;24;3; 7920.00 ;04/12/2024;1;Pago;Pendente;EM SEPARAÇÃO
236;461;37;23;1; 1738.00 ;16/12/2024;4;Cancelado;Enviado;Cancelar Rota
237;498;12;43;3; 1173.00 ;10/12/2024;2;Cancelado;Entregue;FRAUDE
238;307;31;35;2; 7950.00 ;24/12/2024;6;Pago;Enviado;Em Rota
239;418;24;34;2; 4900.00 ;01/12/2024;5;Cancelado;Pendente;Cancelar Rota
240;156;35;26;2; 8626.00 ;08/12/2024;3;Atrasado;Entregue;FRAUDE
241;425;4;12;1; 4447.00 ;12/12/2024;5;Pago;Cancelado;RECLAMAÇÃO
242;382;1;19;5; 4350.00 ;06/12/2024;5;Cancelado;Enviado;Cancelar Rota
243;47;8;26;1; 4313.00 ;16/12/2024;3;Atrasado;Cancelado;falta de pagamento
244;486;22;5;5; 16115.00 ;23/12/2024;4;Atrasado;Enviado;EM ROTA, AGUARDAR PAGAMENTO
245;110;35;42;5; 3300.00 ;04/12/2024;2;Pago;Entregue;SUCESSO
246;148;3;34;5; 12250.00 ;28/12/2024;1;Atrasado;Enviado;EM ROTA, AGUARDAR PAGAMENTO
247;131;8;13;1; 3889.00 ;04/12/2024;2;Pago;Entregue;SUCESSO
248;39;42;17;5; 5290.00 ;08/12/2024;3;Pago;Enviado;Em Rota
249;331;26;5;5; 16115.00 ;14/12/2024;3;Atrasado;Entregue;FRAUDE
250;3;27;25;5; 17245.00 ;26/12/2024;2;Cancelado;Enviado;Cancelar Rota
251;17;19;41;4; 660.00 ;20/12/2024;3;Pago;Entregue;SUCESSO
252;381;21;5;5; 16115.00 ;14/12/2024;6;Pago;Pendente;EM SEPARAÇÃO
253;13;51;40;4; 13436.00 ;30/12/2024;1;Cancelado;Cancelado;CANCELADO
254;490;1;16;1; 2523.00 ;12/12/2024;3;Atrasado;Enviado;EM ROTA, AGUARDAR PAGAMENTO
255;98;43;3;1; 3531.00 ;24/12/2024;3;Cancelado;Enviado;Cancelar Rota
256;379;14;43;5; 1955.00 ;31/12/2024;5;Atrasado;Enviado;EM ROTA, AGUARDAR PAGAMENTO
257;19;47;32;4; 1756.00 ;02/12/2024;5;Pago;Enviado;Em Rota
258;68;32;44;2; 7988.00 ;22/12/2024;3;Atrasado;Cancelado;falta de pagamento
259;464;18;34;3; 7350.00 ;18/12/2024;4;Atrasado;Enviado;EM ROTA, AGUARDAR PAGAMENTO
260;26;40;18;4; 2552.00 ;04/12/2024;1;Atrasado;Entregue;FRAUDE
261;346;41;21;1; 895.00 ;06/12/2024;6;Pago;Cancelado;RECLAMAÇÃO
262;208;5;15;1; 302.00 ;14/12/2024;4;Cancelado;Cancelado;CANCELADO
263;165;42;24;5; 13200.00 ;24/12/2024;3;Atrasado;Enviado;EM ROTA, AGUARDAR PAGAMENTO
264;1;36;37;1; 1283.00 ;15/12/2024;1;Atrasado;Pendente;EM SEPARAÇÃO, AGUARDAR PAGAMENTO
265;186;3;28;1; 2909.00 ;11/12/2024;1;Atrasado;Entregue;FRAUDE
266;417;20;45;3; 10017.00 ;15/12/2024;2;Pago;Entregue;SUCESSO
267;479;10;14;4; 15796.00 ;10/12/2024;6;Cancelado;Enviado;Cancelar Rota
268;417;10;44;2; 7988.00 ;08/12/2024;6;Atrasado;Entregue;FRAUDE
269;476;19;11;3; 5166.00 ;31/12/2024;2;Atrasado;Cancelado;falta de pagamento
270;122;2;38;1; 1273.00 ;30/12/2024;4;Atrasado;Enviado;EM ROTA, AGUARDAR PAGAMENTO
271;61;3;8;5; 23140.00 ;29/12/2024;1;Atrasado;Pendente;EM SEPARAÇÃO, AGUARDAR PAGAMENTO
272;241;3;5;3; 9669.00 ;01/12/2024;1;Pago;Pendente;EM SEPARAÇÃO
273;72;9;38;3; 3819.00 ;09/12/2024;2;Cancelado;Entregue;FRAUDE
274;324;8;34;1; 2450.00 ;13/12/2024;5;Atrasado;Enviado;EM ROTA, AGUARDAR PAGAMENTO
275;466;13;7;2; 5296.00 ;20/12/2024;2;Pago;Pendente;EM SEPARAÇÃO
276;28;41;19;1; 870.00 ;19/12/2024;4;Cancelado;Pendente;Cancelar Rota
277;17;1;25;4; 13796.00 ;29/12/2024;3;Atrasado;Pendente;EM SEPARAÇÃO, AGUARDAR PAGAMENTO
278;463;37;20;3; 8241.00 ;12/12/2024;4;Pago;Entregue;SUCESSO
279;108;32;4;4; 3080.00 ;11/12/2024;5;Cancelado;Entregue;FRAUDE
280;144;4;6;4; 6448.00 ;06/12/2024;2;Atrasado;Enviado;EM ROTA, AGUARDAR PAGAMENTO
281;448;48;32;4; 1756.00 ;30/12/2024;1;Atrasado;Enviado;EM ROTA, AGUARDAR PAGAMENTO
282;325;23;11;4; 6888.00 ;06/12/2024;2;Cancelado;Pendente;Cancelar Rota
283;73;1;20;5; 13735.00 ;28/12/2024;6;Atrasado;Pendente;EM SEPARAÇÃO, AGUARDAR PAGAMENTO
284;241;23;2;3; 12627.00 ;02/12/2024;2;Cancelado;Entregue;FRAUDE
285;164;9;25;4; 13796.00 ;13/12/2024;3;Pago;Entregue;SUCESSO
286;74;38;40;4; 13436.00 ;12/12/2024;6;Pago;Entregue;SUCESSO
287;222;39;24;5; 13200.00 ;19/12/2024;3;Atrasado;Enviado;EM ROTA, AGUARDAR PAGAMENTO
288;218;13;10;5; 2485.00 ;14/12/2024;6;Pago;Entregue;SUCESSO
289;221;7;16;2; 5046.00 ;25/12/2024;5;Pago;Enviado;Em Rota
290;186;7;44;1; 3994.00 ;29/12/2024;2;Cancelado;Pendente;Cancelar Rota
291;185;9;13;3; 11667.00 ;24/12/2024;1;Atrasado;Entregue;FRAUDE
292;439;31;44;2; 7988.00 ;09/12/2024;2;Pago;Enviado;Em Rota
293;140;43;13;2; 7778.00 ;17/12/2024;3;Pago;Entregue;SUCESSO
294;110;24;33;2; 4402.00 ;08/12/2024;4;Atrasado;Pendente;EM SEPARAÇÃO, AGUARDAR PAGAMENTO
295;499;12;25;2; 6898.00 ;20/12/2024;3;Pago;Cancelado;RECLAMAÇÃO
296;456;21;15;2; 604.00 ;12/12/2024;1;Cancelado;Entregue;FRAUDE
297;260;2;3;5; 17655.00 ;12/12/2024;2;Atrasado;Cancelado;falta de pagamento
298;423;31;7;4; 10592.00 ;18/12/2024;1;Atrasado;Enviado;EM ROTA, AGUARDAR PAGAMENTO
299;488;21;20;4; 10988.00 ;12/12/2024;4;Pago;Enviado;Em Rota
300;431;5;6;3; 4836.00 ;17/12/2024;1;Pago;Cancelado;RECLAMAÇÃO
301;9;46;16;1; 2523.00 ;21/12/2024;4;Cancelado;Pendente;Cancelar Rota
302;148;19;21;1; 895.00 ;03/12/2024;3;Atrasado;Pendente;EM SEPARAÇÃO, AGUARDAR PAGAMENTO
303;117;45;43;5; 1955.00 ;31/12/2024;4;Cancelado;Enviado;Cancelar Rota
304;78;25;9;4; 16092.00 ;06/12/2024;3;Pago;Entregue;SUCESSO
305;28;13;21;4; 3580.00 ;02/12/2024;3;Cancelado;Cancelado;CANCELADO
306;293;38;21;4; 3580.00 ;02/12/2024;4;Cancelado;Enviado;Cancelar Rota
307;431;28;9;2; 8046.00 ;26/12/2024;3;Pago;Enviado;Em Rota
308;5;14;27;1; 1313.00 ;18/12/2024;4;Pago;Pendente;EM SEPARAÇÃO
309;16;7;27;3; 3939.00 ;27/12/2024;2;Cancelado;Enviado;Cancelar Rota
310;290;9;22;5; 16890.00 ;07/12/2024;5;Pago;Pendente;EM SEPARAÇÃO
311;61;40;25;5; 17245.00 ;15/12/2024;1;Atrasado;Cancelado;falta de pagamento
312;350;29;31;5; 3680.00 ;12/12/2024;5;Pago;Pendente;EM SEPARAÇÃO
313;252;45;24;3; 7920.00 ;12/12/2024;6;Pago;Cancelado;RECLAMAÇÃO
314;128;48;4;5; 3850.00 ;24/12/2024;5;Pago;Cancelado;RECLAMAÇÃO
315;281;18;25;1; 3449.00 ;03/12/2024;2;Pago;Cancelado;RECLAMAÇÃO
316;263;50;4;4; 3080.00 ;25/12/2024;5;Pago;Pendente;EM SEPARAÇÃO
317;188;14;14;3; 11847.00 ;11/12/2024;4;Cancelado;Pendente;Cancelar Rota
318;88;31;17;1; 1058.00 ;09/12/2024;1;Pago;Entregue;SUCESSO
319;20;18;39;2; 4338.00 ;13/12/2024;2;Atrasado;Entregue;FRAUDE
320;465;22;45;1; 3339.00 ;16/12/2024;5;Cancelado;Enviado;Cancelar Rota
321;488;38;6;4; 6448.00 ;19/12/2024;6;Cancelado;Cancelado;CANCELADO
322;189;24;36;1; 3598.00 ;02/12/2024;4;Pago;Entregue;SUCESSO
323;73;33;18;5; 3190.00 ;01/12/2024;5;Cancelado;Entregue;FRAUDE
324;323;42;26;3; 12939.00 ;05/12/2024;3;Cancelado;Cancelado;CANCELADO
325;455;10;38;1; 1273.00 ;17/12/2024;5;Pago;Enviado;Em Rota
326;20;41;43;5; 1955.00 ;06/12/2024;6;Pago;Enviado;Em Rota
327;136;13;22;4; 13512.00 ;10/12/2024;3;Pago;Pendente;EM SEPARAÇÃO
328;383;28;8;5; 23140.00 ;26/12/2024;4;Atrasado;Enviado;EM ROTA, AGUARDAR PAGAMENTO
329;86;3;22;1; 3378.00 ;22/12/2024;6;Pago;Enviado;Em Rota
330;481;37;5;1; 3223.00 ;10/12/2024;2;Pago;Pendente;EM SEPARAÇÃO
331;424;6;14;3; 11847.00 ;04/12/2024;4;Atrasado;Enviado;EM ROTA, AGUARDAR PAGAMENTO
332;160;17;24;2; 5280.00 ;13/12/2024;1;Pago;Enviado;Em Rota
333;136;7;26;5; 21565.00 ;31/12/2024;6;Atrasado;Entregue;FRAUDE
334;223;47;21;4; 3580.00 ;30/12/2024;2;Atrasado;Enviado;EM ROTA, AGUARDAR PAGAMENTO
335;450;49;14;2; 7898.00 ;23/12/2024;4;Pago;Pendente;EM SEPARAÇÃO
336;111;49;22;1; 3378.00 ;05/12/2024;5;Atrasado;Enviado;EM ROTA, AGUARDAR PAGAMENTO
337;32;35;17;5; 5290.00 ;05/12/2024;5;Pago;Enviado;Em Rota
338;15;40;44;3; 11982.00 ;10/12/2024;3;Pago;Entregue;SUCESSO
339;448;3;22;4; 13512.00 ;09/12/2024;2;Pago;Pendente;EM SEPARAÇÃO
340;282;25;22;4; 13512.00 ;31/12/2024;2;Pago;Cancelado;RECLAMAÇÃO
341;254;13;43;1; 391.00 ;13/12/2024;3;Atrasado;Entregue;FRAUDE
342;205;17;11;1; 1722.00 ;04/12/2024;4;Pago;Pendente;EM SEPARAÇÃO
343;55;7;28;5; 14545.00 ;23/12/2024;1;Atrasado;Cancelado;falta de pagamento
344;331;3;4;5; 3850.00 ;24/12/2024;5;Cancelado;Enviado;Cancelar Rota
345;392;20;5;4; 12892.00 ;25/12/2024;5;Atrasado;Pendente;EM SEPARAÇÃO, AGUARDAR PAGAMENTO
346;398;14;19;3; 2610.00 ;24/12/2024;3;Pago;Entregue;SUCESSO
347;47;19;17;5; 5290.00 ;13/12/2024;5;Atrasado;Entregue;FRAUDE
348;468;20;39;4; 8676.00 ;03/12/2024;1;Pago;Enviado;Em Rota
349;333;18;5;4; 12892.00 ;14/12/2024;4;Atrasado;Cancelado;falta de pagamento
350;264;1;34;1; 2450.00 ;24/12/2024;4;Cancelado;Enviado;Cancelar Rota
351;359;50;41;3; 495.00 ;03/12/2024;4;Cancelado;Cancelado;CANCELADO
352;117;35;40;4; 13436.00 ;03/12/2024;6;Pago;Pendente;EM SEPARAÇÃO
353;15;28;19;1; 870.00 ;16/12/2024;3;Atrasado;Pendente;EM SEPARAÇÃO, AGUARDAR PAGAMENTO
354;209;6;21;4; 3580.00 ;31/12/2024;3;Pago;Cancelado;RECLAMAÇÃO
355;330;4;15;3; 906.00 ;07/12/2024;3;Atrasado;Pendente;EM SEPARAÇÃO, AGUARDAR PAGAMENTO
356;217;33;19;1; 870.00 ;08/12/2024;5;Atrasado;Entregue;FRAUDE
357;168;44;16;3; 7569.00 ;02/12/2024;6;Pago;Pendente;EM SEPARAÇÃO
358;129;8;3;2; 7062.00 ;22/12/2024;6;Pago;Entregue;SUCESSO
359;288;43;12;2; 8894.00 ;05/12/2024;3;Atrasado;Entregue;FRAUDE
360;257;37;40;1; 3359.00 ;05/12/2024;4;Atrasado;Enviado;EM ROTA, AGUARDAR PAGAMENTO
361;358;43;10;2; 994.00 ;23/12/2024;2;Atrasado;Pendente;EM SEPARAÇÃO, AGUARDAR PAGAMENTO
362;478;34;20;1; 2747.00 ;30/12/2024;3;Pago;Cancelado;RECLAMAÇÃO
363;339;51;33;5; 11005.00 ;03/12/2024;4;Cancelado;Entregue;FRAUDE
364;10;27;7;5; 13240.00 ;29/12/2024;6;Cancelado;Pendente;Cancelar Rota
365;207;45;9;2; 8046.00 ;22/12/2024;1;Atrasado;Enviado;EM ROTA, AGUARDAR PAGAMENTO
366;447;39;6;3; 4836.00 ;09/12/2024;4;Pago;Entregue;SUCESSO
367;261;6;36;1; 3598.00 ;08/12/2024;1;Pago;Entregue;SUCESSO
368;154;20;20;4; 10988.00 ;11/12/2024;1;Cancelado;Entregue;FRAUDE
369;243;29;31;2; 1472.00 ;17/12/2024;3;Cancelado;Entregue;FRAUDE
370;291;39;7;3; 7944.00 ;09/12/2024;4;Cancelado;Enviado;Cancelar Rota
371;473;14;31;1; 736.00 ;25/12/2024;2;Atrasado;Pendente;EM SEPARAÇÃO, AGUARDAR PAGAMENTO
372;26;30;18;3; 1914.00 ;01/12/2024;3;Cancelado;Cancelado;CANCELADO
373;359;11;34;3; 7350.00 ;10/12/2024;2;Cancelado;Enviado;Cancelar Rota
374;26;29;11;1; 1722.00 ;06/12/2024;1;Atrasado;Cancelado;falta de pagamento
375;475;23;13;2; 7778.00 ;13/12/2024;2;Atrasado;Cancelado;falta de pagamento
376;4;24;18;4; 2552.00 ;26/12/2024;2;Cancelado;Pendente;Cancelar Rota
377;273;20;20;5; 13735.00 ;25/12/2024;1;Cancelado;Cancelado;CANCELADO
378;136;30;25;3; 10347.00 ;02/12/2024;4;Pago;Entregue;SUCESSO
379;81;3;29;1; 2590.00 ;18/12/2024;1;Cancelado;Pendente;Cancelar Rota
380;125;22;33;4; 8804.00 ;27/12/2024;1;Pago;Pendente;EM SEPARAÇÃO
381;446;48;14;4; 15796.00 ;18/12/2024;2;Pago;Entregue;SUCESSO
382;173;36;31;5; 3680.00 ;08/12/2024;5;Cancelado;Entregue;FRAUDE
383;412;38;13;3; 11667.00 ;05/12/2024;5;Cancelado;Entregue;FRAUDE
384;119;28;2;5; 21045.00 ;29/12/2024;4;Atrasado;Cancelado;falta de pagamento
385;124;14;45;1; 3339.00 ;24/12/2024;3;Cancelado;Cancelado;CANCELADO
386;494;26;9;2; 8046.00 ;01/12/2024;2;Cancelado;Cancelado;CANCELADO
387;220;28;9;3; 12069.00 ;17/12/2024;5;Pago;Pendente;EM SEPARAÇÃO
388;25;13;6;4; 6448.00 ;12/12/2024;2;Pago;Enviado;Em Rota
389;146;34;25;2; 6898.00 ;21/12/2024;5;Pago;Enviado;Em Rota
390;294;14;9;1; 4023.00 ;12/12/2024;4;Atrasado;Entregue;FRAUDE
391;212;11;18;3; 1914.00 ;03/12/2024;3;Atrasado;Entregue;FRAUDE
392;408;32;9;3; 12069.00 ;12/12/2024;2;Atrasado;Cancelado;falta de pagamento
393;244;31;24;3; 7920.00 ;04/12/2024;2;Pago;Cancelado;RECLAMAÇÃO
394;135;25;2;1; 4209.00 ;11/12/2024;6;Cancelado;Enviado;Cancelar Rota
395;275;4;1;3; 7227.00 ;08/12/2024;2;Pago;Enviado;Em Rota
396;296;31;1;1; 2409.00 ;23/12/2024;4;Cancelado;Pendente;Cancelar Rota
397;112;16;3;3; 10593.00 ;23/12/2024;4;Cancelado;Pendente;Cancelar Rota
398;424;23;21;2; 1790.00 ;10/12/2024;5;Pago;Cancelado;RECLAMAÇÃO
399;409;7;18;3; 1914.00 ;16/12/2024;3;Cancelado;Pendente;Cancelar Rota
400;332;45;2;1; 4209.00 ;25/12/2024;3;Atrasado;Pendente;EM SEPARAÇÃO, AGUARDAR PAGAMENTO
401;120;30;29;3; 7770.00 ;23/12/2024;4;Pago;Enviado;Em Rota
402;411;28;36;1; 3598.00 ;08/12/2024;3;Atrasado;Enviado;EM ROTA, AGUARDAR PAGAMENTO
403;123;5;15;2; 604.00 ;27/12/2024;3;Pago;Enviado;Em Rota
404;304;10;42;1; 660.00 ;21/12/2024;4;Cancelado;Entregue;FRAUDE
405;476;10;5;3; 9669.00 ;20/12/2024;5;Cancelado;Enviado;Cancelar Rota
406;324;33;45;2; 6678.00 ;07/12/2024;2;Pago;Cancelado;RECLAMAÇÃO
407;331;9;45;3; 10017.00 ;16/12/2024;2;Cancelado;Cancelado;CANCELADO
408;50;2;41;4; 660.00 ;18/12/2024;5;Pago;Cancelado;RECLAMAÇÃO
409;354;38;45;4; 13356.00 ;06/12/2024;5;Atrasado;Cancelado;falta de pagamento
410;3;6;35;1; 3975.00 ;10/12/2024;3;Cancelado;Pendente;Cancelar Rota
411;234;16;35;3; 11925.00 ;30/12/2024;2;Atrasado;Enviado;EM ROTA, AGUARDAR PAGAMENTO
412;142;6;9;5; 20115.00 ;10/12/2024;5;Pago;Pendente;EM SEPARAÇÃO
413;298;27;16;2; 5046.00 ;30/12/2024;1;Atrasado;Cancelado;falta de pagamento
414;375;38;22;5; 16890.00 ;20/12/2024;1;Atrasado;Entregue;FRAUDE
415;472;29;18;4; 2552.00 ;02/12/2024;3;Cancelado;Enviado;Cancelar Rota
416;130;1;1;5; 12045.00 ;03/12/2024;1;Atrasado;Entregue;FRAUDE
417;293;30;19;3; 2610.00 ;05/12/2024;5;Atrasado;Enviado;EM ROTA, AGUARDAR PAGAMENTO
418;227;39;45;1; 3339.00 ;17/12/2024;4;Cancelado;Cancelado;CANCELADO
419;55;1;36;4; 14392.00 ;02/12/2024;4;Atrasado;Enviado;EM ROTA, AGUARDAR PAGAMENTO
420;150;19;4;2; 1540.00 ;06/12/2024;3;Cancelado;Cancelado;CANCELADO
421;166;31;3;4; 14124.00 ;09/12/2024;3;Atrasado;Pendente;EM SEPARAÇÃO, AGUARDAR PAGAMENTO
422;19;47;35;4; 15900.00 ;09/12/2024;1;Pago;Enviado;Em Rota
423;210;45;37;2; 2566.00 ;07/12/2024;1;Atrasado;Cancelado;falta de pagamento
424;162;41;17;1; 1058.00 ;10/12/2024;6;Cancelado;Enviado;Cancelar Rota
425;333;18;16;4; 10092.00 ;14/12/2024;5;Atrasado;Enviado;EM ROTA, AGUARDAR PAGAMENTO
426;28;15;42;3; 1980.00 ;23/12/2024;5;Atrasado;Entregue;FRAUDE
427;318;33;14;3; 11847.00 ;22/12/2024;2;Atrasado;Entregue;FRAUDE
428;163;34;23;4; 6952.00 ;06/12/2024;1;Atrasado;Enviado;EM ROTA, AGUARDAR PAGAMENTO
429;278;44;1;3; 7227.00 ;21/12/2024;6;Pago;Entregue;SUCESSO
430;128;35;42;4; 2640.00 ;15/12/2024;3;Atrasado;Pendente;EM SEPARAÇÃO, AGUARDAR PAGAMENTO
431;184;38;30;3; 11700.00 ;26/12/2024;5;Atrasado;Cancelado;falta de pagamento
432;211;41;23;2; 3476.00 ;29/12/2024;4;Atrasado;Enviado;EM ROTA, AGUARDAR PAGAMENTO
433;230;42;2;1; 4209.00 ;09/12/2024;4;Atrasado;Cancelado;falta de pagamento
434;102;23;2;2; 8418.00 ;15/12/2024;4;Atrasado;Pendente;EM SEPARAÇÃO, AGUARDAR PAGAMENTO
435;138;45;13;1; 3889.00 ;24/12/2024;4;Cancelado;Enviado;Cancelar Rota
436;215;37;27;2; 2626.00 ;03/12/2024;3;Cancelado;Cancelado;CANCELADO
437;318;23;14;1; 3949.00 ;15/12/2024;5;Atrasado;Enviado;EM ROTA, AGUARDAR PAGAMENTO
438;458;25;19;5; 4350.00 ;22/12/2024;6;Cancelado;Entregue;FRAUDE
439;405;33;6;5; 8060.00 ;16/12/2024;6;Atrasado;Enviado;EM ROTA, AGUARDAR PAGAMENTO
440;12;11;18;1; 638.00 ;18/12/2024;3;Atrasado;Cancelado;falta de pagamento
441;466;36;14;1; 3949.00 ;10/12/2024;6;Atrasado;Entregue;FRAUDE
442;452;29;35;2; 7950.00 ;26/12/2024;6;Pago;Enviado;Em Rota
443;32;44;24;1; 2640.00 ;23/12/2024;6;Atrasado;Enviado;EM ROTA, AGUARDAR PAGAMENTO
444;184;31;42;1; 660.00 ;04/12/2024;4;Pago;Cancelado;RECLAMAÇÃO
445;224;50;32;5; 2195.00 ;31/12/2024;4;Cancelado;Pendente;Cancelar Rota
446;61;41;38;3; 3819.00 ;07/12/2024;3;Cancelado;Enviado;Cancelar Rota
447;3;4;12;3; 13341.00 ;27/12/2024;5;Cancelado;Cancelado;CANCELADO
448;251;42;6;2; 3224.00 ;01/12/2024;3;Cancelado;Entregue;FRAUDE
449;41;30;30;2; 7800.00 ;02/12/2024;3;Cancelado;Cancelado;CANCELADO
450;115;36;17;5; 5290.00 ;18/12/2024;3;Cancelado;Cancelado;CANCELADO
451;65;35;5;2; 6446.00 ;03/12/2024;5;Cancelado;Entregue;FRAUDE
452;382;30;31;1; 736.00 ;20/12/2024;1;Cancelado;Entregue;FRAUDE
453;456;30;2;5; 21045.00 ;24/12/2024;3;Pago;Cancelado;RECLAMAÇÃO
454;380;34;44;1; 3994.00 ;15/12/2024;2;Pago;Pendente;EM SEPARAÇÃO
455;380;10;31;5; 3680.00 ;12/12/2024;1;Atrasado;Cancelado;falta de pagamento
456;211;21;37;1; 1283.00 ;26/12/2024;6;Cancelado;Cancelado;CANCELADO
457;42;3;45;5; 16695.00 ;09/12/2024;5;Cancelado;Cancelado;CANCELADO
458;163;38;18;4; 2552.00 ;19/12/2024;4;Pago;Enviado;Em Rota
459;226;9;12;1; 4447.00 ;06/12/2024;1;Atrasado;Cancelado;falta de pagamento
460;198;30;16;2; 5046.00 ;01/12/2024;4;Cancelado;Pendente;Cancelar Rota
461;342;5;28;2; 5818.00 ;08/12/2024;2;Pago;Enviado;Em Rota
462;3;10;2;4; 16836.00 ;14/12/2024;2;Pago;Entregue;SUCESSO
463;186;51;13;5; 19445.00 ;21/12/2024;2;Pago;Cancelado;RECLAMAÇÃO
464;19;29;11;5; 8610.00 ;08/12/2024;6;Pago;Entregue;SUCESSO
465;173;45;12;5; 22235.00 ;12/12/2024;3;Atrasado;Cancelado;falta de pagamento
466;371;42;28;1; 2909.00 ;05/12/2024;1;Cancelado;Cancelado;CANCELADO
467;59;1;27;3; 3939.00 ;29/12/2024;1;Pago;Enviado;Em Rota
468;477;50;3;3; 10593.00 ;20/12/2024;2;Pago;Enviado;Em Rota
469;446;24;36;4; 14392.00 ;09/12/2024;4;Cancelado;Enviado;Cancelar Rota
470;327;19;6;2; 3224.00 ;28/12/2024;3;Pago;Cancelado;RECLAMAÇÃO
471;305;3;5;1; 3223.00 ;03/12/2024;2;Cancelado;Pendente;Cancelar Rota
472;44;13;45;3; 10017.00 ;12/12/2024;1;Cancelado;Enviado;Cancelar Rota
473;14;10;6;2; 3224.00 ;18/12/2024;3;Cancelado;Entregue;FRAUDE
474;357;6;40;5; 16795.00 ;28/12/2024;1;Pago;Entregue;SUCESSO
475;129;36;19;2; 1740.00 ;12/12/2024;3;Cancelado;Entregue;FRAUDE
476;33;48;31;4; 2944.00 ;19/12/2024;5;Pago;Entregue;SUCESSO
477;113;43;6;3; 4836.00 ;24/12/2024;2;Cancelado;Pendente;Cancelar Rota
478;144;46;10;4; 1988.00 ;22/12/2024;4;Pago;Entregue;SUCESSO
479;83;35;37;2; 2566.00 ;20/12/2024;1;Atrasado;Entregue;FRAUDE
480;98;30;44;4; 15976.00 ;23/12/2024;1;Atrasado;Pendente;EM SEPARAÇÃO, AGUARDAR PAGAMENTO
481;352;39;2;3; 12627.00 ;10/12/2024;1;Atrasado;Entregue;FRAUDE
482;83;15;38;4; 5092.00 ;22/12/2024;4;Pago;Entregue;SUCESSO
483;37;15;10;2; 994.00 ;08/12/2024;5;Pago;Entregue;SUCESSO
484;428;23;5;1; 3223.00 ;25/12/2024;4;Cancelado;Cancelado;CANCELADO
485;52;26;28;5; 14545.00 ;15/12/2024;6;Pago;Entregue;SUCESSO
486;137;36;3;5; 17655.00 ;03/12/2024;2;Cancelado;Enviado;Cancelar Rota
487;172;37;30;4; 15600.00 ;23/12/2024;1;Atrasado;Cancelado;falta de pagamento
488;157;2;43;2; 782.00 ;14/12/2024;4;Atrasado;Pendente;EM SEPARAÇÃO, AGUARDAR PAGAMENTO
489;474;34;44;1; 3994.00 ;11/12/2024;4;Cancelado;Cancelado;CANCELADO
490;470;29;39;4; 8676.00 ;29/12/2024;6;Cancelado;Entregue;FRAUDE
491;213;19;24;2; 5280.00 ;18/12/2024;3;Atrasado;Entregue;FRAUDE
492;332;39;4;1; 770.00 ;28/12/2024;3;Atrasado;Pendente;EM SEPARAÇÃO, AGUARDAR PAGAMENTO
493;44;6;12;3; 13341.00 ;30/12/2024;3;Cancelado;Enviado;Cancelar Rota
494;253;20;39;4; 8676.00 ;15/12/2024;1;Atrasado;Enviado;EM ROTA, AGUARDAR PAGAMENTO
495;87;9;19;3; 2610.00 ;31/12/2024;5;Pago;Enviado;Em Rota
496;98;10;29;1; 2590.00 ;03/12/2024;1;Cancelado;Pendente;Cancelar Rota
497;414;9;19;3; 2610.00 ;11/12/2024;2;Cancelado;Cancelado;CANCELADO
498;51;43;21;1; 895.00 ;24/12/2024;1;Cancelado;Cancelado;CANCELADO
499;428;4;15;5; 1510.00 ;20/12/2024;4;Atrasado;Enviado;EM ROTA, AGUARDAR PAGAMENTO
500;391;12;35;1; 3975.00 ;08/12/2024;2;Cancelado;Pendente;Cancelar Rota
